BEL,14-3-3 Family,000323,p14_3_3
BEL,9-1-1 Complex,000001,9_1_1
BEL,ACAD Family,000004,ACAD
BEL,Acetyl CoA Carboxylase Complex,000005,ACC
BEL,Acetyl-CoA Synthetase Family,000006,Acetyl_CoA_synthetase
BEL,ACOX Family,000007,ACOX
BEL,ACSL Family,000008,ACSL
BEL,ACT Family,000009,Actin
BEL,ACTN Family,000014,ACTN
BEL,Adaptor Protein II Complex,000015,Adaptor_protein_II
BEL,Adaptor Protein III Complex,000016,Adaptor_protein_III
BEL,ADCY Family,000017,ADCY
BEL,ADH Family,000018,ADH
BEL,ADRA Family,000019,ADRA
BEL,ADRA2 Family,000020,ADRA2
BEL,ADRB Family,000021,ADRB
BEL,ADRBK Family,000022,ADRBK
BEL,AKT Family,000023,AKT
BEL,ALDH Family,000024,ALDH
BEL,ALDO Family,000025,ALDO
BEL,AMP Activated Protein Kinase Complex,000031,AMPK
BEL,Annexin II Heterotetramer Complex,000047,Annexin_II_heterotetramer
BEL,AP-1 Complex,000048,AP1
BEL,APOA Family,000051,APOA
BEL,Arp2/3 Protein Complex,000054,Arp2_3_protein
BEL,ARRB Family,000055,ARRB
BEL,ATP2A Family,000430,SERCA
BEL,ATP5G Family,000059,ATP5G
BEL,AXIN Family,000062,AXIN
BEL,BIRC Family,000066,BIRC
BEL,BMP Family,000067,BMP
BEL,BMP Receptor Type I Family,000069,BMP_receptor_type_I
BEL,BMP Receptor Type II Family,000070,BMP_receptor_type_II
BEL,Branched Chain Alpha Keto Acid Dehydrogenase Complex,000064,BCKDC
BEL,C1 Complex,000072,C1
BEL,C1q Complex,000073,C1q
BEL,Calcineurin Complex,000383,PPP3
BEL,CALM Family,000075,CALM
BEL,CAMK Family,000076,CAMK
BEL,CAMK2 Complex,000077,CAMK2_complex
BEL,CAMK2 Family,000078,CAMK2_family
BEL,CAPN Family,000079,CAPN
BEL,Carboxylesterase Family,000080,Carboxylesterase
BEL,CASP Family,000081,Caspase
BEL,CAV Family,000083,CAV
BEL,CBF3 Complex,000084,CBF3
BEL,CCNA Family,000131,Cyclin_A
BEL,CCND Family,000132,Cyclin_D
BEL,CCNE Family,000133,Cyclin_E
BEL,CCT Complex,000085,CCT_complex
BEL,CD16 Family,000086,CD16
BEL,CD3 Complex,000087,CD3
BEL,CD32 Family,000088,CD32
BEL,CD64 Family,000089,CD64
BEL,CDC25 Family,000091,CDC25
BEL,CDH Family,000074,Cadherin
BEL,CEBP Family,000097,CEBP
BEL,Chemokine Receptor Family,000100,Chemokine_receptor
BEL,Cholinesterase Family,000101,Cholinesterase
BEL,CHRM Family,000102,CHRM
BEL,CHRN Complex,000103,CHRN
BEL,CK II Complex,000104,CK2
BEL,Clathrin Complex,000105,Clathrin
BEL,Cohesin Complex,000108,Cohesin
BEL,COL1 Family,000109,COL1
BEL,COL4 Family,000110,COL4
BEL,COL5 Family,000111,COL5
BEL,COX4 Family,000114,COX4
BEL,COX6A Family,000115,COX6A
BEL,COX6B Family,000116,COX6B
BEL,COX7A Family,000117,COX7A
BEL,COX7B Family,000118,COX7B
BEL,COX8 Family,000119,COX8
BEL,CREB Family,000120,CREB
BEL,CRISP Family,000121,CRISP
BEL,CRSP Complex,000122,CRSP
BEL,CSNK1 Family,000124,CSNK1
BEL,CSNK2 Family,000125,CSNK2
BEL,CTNNA Family,000126,CTNNA
BEL,Cu-Zn SOD Family,000447,SOD
BEL,CUL Family,000127,CUL
BEL,CXCL ELR-Negative Family,000128,CXCL_ELR_negative
BEL,CXCL ELR-Positive Family,000129,CXCL_ELR_positive
BEL,Cyclophilin Family,000134,Cyclophilin
BEL,Cytochrome C Oxidase Complex Muscle,000113,COX
BEL,Cytochrome C Oxidase Complex Non Muscle,000113,COX
BEL,Cytoplasmic Dynein Complex,000135,Cytoplasmic_dynein
BEL,DDR Family,000136,DDR
BEL,Desmoglein Family,000138,Desmoglein
BEL,DGK Family,000140,DGK
BEL,DNA Polymerase delta Complex,000141,DNA_polymerase_delta
BEL,DNM Family,000142,DNM
BEL,DRD Family,000143,DRD
BEL,DVL Family,000145,DVL
BEL,Dystrophin Associated Glycoprotein Complex,000139,DGC
BEL,E2F Family,000147,E2F
BEL,EDN Family,000149,EDN
BEL,EGFR Ligand Family,000150,EGFR_ligand
BEL,EGFR/ERBB Family,000160,ERBB
BEL,EGR Family,000151,EGR
BEL,EIF2B Complex,000152,EIF2B
BEL,EIF4A Family,000153,EIF4A
BEL,EIF4EBP Family,000154,EIF4EBP
BEL,ELA Family,000156,ELA
BEL,ENO Family,000157,ENO
BEL,Ephrin Receptor Family,000158,Ephrin_receptor
BEL,EPN Family,000159,EPN
BEL,ESR Family,000162,ESR
BEL,ETS Family,000163,ETS
BEL,FGF Family,000167,FGF
BEL,FGFR Family,000168,FGFR
BEL,Fibrinogen Complex,000169,Fibrinogen
BEL,FLOT Family,000170,FLOT
BEL,FLRT Family,000171,FLRT
BEL,Follicle Stimulating Hormone Complex,000175,FSH
BEL,FOXO Family,000174,FOXO
BEL,FZD Family,000177,FZD
BEL,GABR Family,000179,GABR
BEL,gamma Secretase Complex,000181,Gamma_secretase
BEL,GAS6 Receptor Family,000183,GAS6_receptor
BEL,GATA Family,000184,GATA
BEL,GNA Gq Family,000215,G_q
BEL,GNA Gs Family,000217,G_s
BEL,GNAI Family,000212,G_i
BEL,GNB Family,000210,G_beta
BEL,GNG Family,000211,G_gamma
BEL,GPIT Complex,000189,GPIT
BEL,GPX Family,000190,GPX
BEL,GRIA Family,000191,GRIA
BEL,GRK Family,000192,GRK
BEL,GRM Family,000193,GRM
BEL,GSK3 Family,000194,GSK3
BEL,GST Family,000195,GST
BEL,GTF2E Complex,000196,GTF2E
BEL,GTF2F Complex,000197,GTF2F
BEL,GUCY Family,000205,GUCY
BEL,GYS Family,000206,GYS
BEL,HDAC Class I Family,000221,HDAC_I
BEL,HDAC Class II Family,000222,HDAC_II
BEL,HDAC Family,000220,HDAC
BEL,HDL Complex,000225,HDL
BEL,Hedgehog Family,000226,Hedgehog
BEL,Hemoglobin Complex,000227,Hemoglobin
BEL,HES Family,000228,HES
BEL,Histone Family,000233,Histone
BEL,Histone H1 Family,000234,Histone_H1
BEL,Histone H2A Family,000235,Histone_H2A
BEL,Histone H2B Family,000236,Histone_H2B
BEL,Histone H3 Family,000237,Histone_H3
BEL,Histone H4 Family,000238,Histone_H4
BEL,HLA-DR Family,000239,HLA_DR
BEL,HMOX Family,000240,HMOX
BEL,HSP90 Family,000241,HSP90
BEL,HSPA Family,000244,HSPA
BEL,HSPB Family,000245,HSPB
BEL,Ib-V-IX Complex,000188,GPIb_IX_V
BEL,IFNA Family,000246,IFNA
BEL,IGFBP Family,000248,IGFBP
BEL,IkappaB Kinase Complex,000250,IKK_complex
BEL,IkappaB Kinase Family,000251,IKK_family
BEL,IL1 Family,000252,IL1
BEL,INS Family,000259,INS
BEL,INSR Family,000260,INSR
BEL,Interferon Gamma Receptor Complex,000263,Interferon_gamma_receptor
BEL,IRS Family,000264,IRS
BEL,IRX Family,000265,IRX
BEL,JAK Family,000266,JAK
BEL,Kinetochore Complex,000270,Kinetochore
BEL,KLK Family,000271,KLK
BEL,Laminin 1 Complex,000273,Laminin_111
BEL,Laminin 5 Complex,000274,Laminin_332
BEL,LDH Family,000275,LDH
BEL,Luteinizing Hormone Complex,000276,LH
BEL,MAF Family,000279,MAF
BEL,MAPK Erk1/2 Family,000161,ERK
BEL,MAPK Erk1/3 Family,000161,ERK
BEL,MAPK JNK Family,000267,JNK
BEL,MAPK p38 Family,000326,p38
BEL,MEF2 Family,000285,MEF2
BEL,MEK1/2 Family,000286,MEK
BEL,Membrane Attack Complex,000278,MAC
BEL,MMP Family,000291,MMP
BEL,MYH Family,000295,MYH
BEL,MYL Alkali Family,000297,MYL_alkali
BEL,MYL Family,000296,MYL
BEL,MYL Regulatory Family,000298,MYL_regulatory
BEL,MYL Slow Family,000299,MYL_slow
BEL,MYST Family,000300,MYST
BEL,Na/K Exchanging ATPase Complex,000303,Na_K_ATPase
BEL,NADH Dehydrogenase Complex,000301,NADH_dehydrogenase
BEL,NADPH Oxidase Complex,000302,NADPH_oxidase
BEL,NCOR Family,000306,NCOR
BEL,NDRG Family,000307,NDRG
BEL,NFAT Family,000309,NFAT
BEL,Nfkb Complex,000311,NFkappaB
BEL,Nfy Complex,000314,NFY
BEL,NKD Family,000315,NKD
BEL,NOS Family,000316,NOS
BEL,NOTCH Family,000317,Notch
BEL,NRG1/2 Family,000319,NRG_1_2
BEL,NRG3/4 Family,000320,NRG_3_4
BEL,NTRK Family,000321,NTRK
BEL,p160/SRC Family,000305,NCOA
BEL,P2RX Family,000324,P2RX
BEL,P2RY Family,000325,P2RY
BEL,p85/p110 PI3Kinase Complex,000358,PI3K
BEL,PAK Family,000330,PAK
BEL,PARV Family,000332,PARV
BEL,PBX Family,000334,PBX
BEL,PDE Family,000335,PDE
BEL,PDE1 Family,000336,PDE1
BEL,PDE3 Family,000337,PDE3
BEL,PDE4 Family,000338,PDE4
BEL,PDE6 Family,000339,PDE6
BEL,PDGF Family,000342,PDGF
BEL,PDGFR Family,000343,PDGFR
BEL,PDK Family,000353,PDK
BEL,PFN Family,000355,PFN
BEL,Phosphorylase B Kinase Complex,000356,PhK
BEL,PIK3C Class IA Family,000359,PI3K_p110
BEL,PIK3R Class IA Family,000361,PIK3R_I
BEL,PKI Family,000365,PKI
BEL,PLA2 Family,000366,PLA2
BEL,PLA2G2 Family,000367,PLA2G2
BEL,PLC Family,000369,PLC
BEL,PLCB Family,000370,PLCB
BEL,PLCG Family,000372,PLCG
BEL,PLD Family,000373,PLD
BEL,PPAP2 Family,000374,PPAP2
BEL,PPAR Family,000375,PPAR
BEL,PPP1C Family,000377,PPP1C
BEL,PPP1R Family,000378,PPP1R
BEL,PPP2C Family,000380,PPP2C
BEL,PPP2R Subunit A Family,000381,PPP2R_A
BEL,PPP2R Subunit B Family,000382,PPP2R_B
BEL,PPP3 Family,000383,PPP3
BEL,PPP3C Family,000384,PPP3C
BEL,PPP3R Family,000385,PPP3R
BEL,PRC1 Maintenance Complex,000386,PRC1_complex
BEL,PRC2 Initiation Complex,000387,PRC2_complex
BEL,PRDX Family,000388,PRDX
BEL,PRKA Family,000389,PRKAC
BEL,PRKAA Family,000044,AMPK_alpha
BEL,PRKAB Family,000045,AMPK_beta
BEL,PRKAG Family,000046,AMPK_gamma
BEL,PRKAR Family,000390,PRKAR
BEL,PRKC Family,000364,PKC
BEL,PRKG Family,000391,PRKG
BEL,Propionyl CoA Carboxylase Complex,000392,Propionyl_CoA_carboxylase
BEL,Proteasome Complex,000394,Proteasome
BEL,Proton Transporting ATP Synthase Complex,000060,ATP_synthase
BEL,PTGER Family,000395,PTGER
BEL,Pyruvate Dehydrogenase Complex,000352,PDH
BEL,RAB Family,000397,RAB
BEL,RAC Family,000398,RAC
BEL,RAF Family,000399,RAF
BEL,RAR Family,000403,RAR
BEL,RAS Family,000404,RAS
BEL,Respiratory Chain Complex II,000502,ETC_complex_II
BEL,Respiratory Chain Complex III,000503,ETC_complex_III
BEL,RFC Complex,000411,RFC
BEL,RFX Family,000412,RFX
BEL,RHO Family,000414,RHO
BEL,RNApo I Complex,000416,RNApo_I
BEL,RNApo II Complex,000417,RNApo_II
BEL,ROCK Family,000419,ROCK
BEL,ROR Family,000420,ROR
BEL,RPS6KA Family,000329,P90RSK
BEL,RPS6KB Family,000328,P70S6K
BEL,RXR Family,000424,RXR
BEL,S100A Family,000426,S100A
BEL,S1PR Family,000427,S1PR
BEL,SAA Family,000428,SAA
BEL,SCD Family,000429,SCD
BEL,SERPINB Family,000431,SERPINB
BEL,SLC2A Family,000434,SLC2A
BEL,SMAD Family,000441,SMAD
BEL,SMC1 Family,000444,SMC1
BEL,SNAI Family,000446,SNAI
BEL,SOS Family,000448,SOS
BEL,SRC Family,000451,SRC
BEL,SREBF Family,000452,SREBF
BEL,STAT Family,000453,STAT
BEL,STAT5 Family,000454,STAT5
BEL,Sulfonylurea Receptor Family,000456,Sulfonylurea_receptor
BEL,SWI/SNF Complex,000457,SWI_SNF
BEL,TAP Family,000459,TAP
BEL,TCF/LEF Family,000460,TCF_LEF
BEL,TFAP2 Family,000463,TFAP2
BEL,TFDP Family,000464,TFDP
BEL,TGFB Family,000465,TGFB
BEL,THBS Family,000467,THBS
BEL,THR Family,000468,THR
BEL,Thrombin Antithrombin Complex,000469,Thrombin_antithrombin
BEL,TIF IB Complex,000471,TIF_IB
BEL,TN Family,000473,TN
BEL,TNFRSF Family,000475,TNFRSF
BEL,TOP2 Family,000476,TOP2
BEL,TORC2 Complex,000294,mTORC2
BEL,Tryptase Family,000481,Tryptase
BEL,TUBA Family,000483,TUBA
BEL,TUBB Family,000484,TUBB
BEL,TXN Family,000487,TXN
BEL,TXNRD Family,000488,TXNRD
BEL,UBE2 Family,000489,UBE2
BEL,VAV Family,000494,VAV
BEL,VEGF Family,000495,VEGF
BEL,VEGFR Family,000496,VEGFR
BEL,WNT Family,000497,Wnt
COMPLEXPORTAL,CPX-560,000503,ETC_complex_III
COMPLEXPORTAL,CPX-561,000502,ETC_complex_II
COMPLEXPORTAL,CPX-577,000501,ETC_complex_I
ECCODE,1.1.1.1,000018,ADH
ECCODE,1.10.2.2,000503,ETC_complex_III
ECCODE,1.11.1.15,000388,PRDX
ECCODE,1.11.1.9,000190,GPX
ECCODE,1.14.19.1,000429,SCD
ECCODE,1.14.99.3,000240,HMOX
ECCODE,1.2.1.3,000024,ALDH
ECCODE,1.2.4.1,000353,PDK
ECCODE,1.3.5.1,000502,ETC_complex_II
ECCODE,1.3.8.7,000004,ACAD
ECCODE,1.6.5.3,000501,ETC_complex_I
ECCODE,1.6.5.3,000301,NADH_dehydrogenase
ECCODE,1.9.3.1,000113,COX
ECCODE,1.9.3.1,000504,ETC_complex_IV
ECCODE,2.3.2.23,000489,UBE2
ECCODE,2.5.1.58,000172,FNT
ECCODE,2.7.1.107,000140,DGK
ECCODE,2.7.11.11,000363,PKA
ECCODE,2.7.11.12,000391,PRKG
ECCODE,2.7.11.13,000364,PKC
ECCODE,2.7.11.16,000192,GRK
ECCODE,2.7.11.17,000076,CAMK
ECCODE,2.7.11.19,000356,PhK
ECCODE,2.7.11.22,000092,CDK
ECCODE,2.7.11.24,000283,MAPK
ECCODE,2.7.11.25,000282,MAP3K
ECCODE,2.7.11.31,000031,AMPK
ECCODE,2.7.12.2,000283,MAPK
ECCODE,3.1.1.1,000080,Carboxylesterase
ECCODE,3.1.1.4,000366,PLA2
ECCODE,3.1.4.-,000335,PDE
ECCODE,3.1.4.4,000373,PLD
ECCODE,3.4.21.35,000271,KLK
ECCODE,3.4.21.59,000481,Tryptase
ECCODE,3.4.25.1,000394,Proteasome
ECCODE,3.5.1.98,000220,HDAC
ECCODE,3.6.3.14,000505,ETC_complex_V
ECCODE,3.6.3.9,000303,Na_K_ATPase
ECCODE,3.6.5.-,000204,GTPase
ECCODE,4.1.2.13,000025,ALDO
ECCODE,4.6.1.2,000205,GUCY
ECCODE,6.4.1.2,000005,ACC
ECCODE,6.4.1.3,000392,Propionyl_CoA_carboxylase
GFAM,1199,000269,Kainate_family
GFAM,1582,000308,Neurexins
GO,GO:0000145,000164,EXOC
GO,GO:0000502,000394,Proteasome
GO,GO:0000776,000270,Kinetochore
GO,GO:0000930,000485,TUBG
GO,GO:0004117,000336,PDE1
GO,GO:0004198,000079,CAPN
GO,GO:0004199,000081,Caspase
GO,GO:0004886,000424,RXR
GO,GO:0004890,000179,GABR
GO,GO:0004931,000324,P2RX
GO,GO:0004936,000019,ADRA
GO,GO:0004937,000019,ADRA
GO,GO:0004938,000020,ADRA2
GO,GO:0004952,000143,DRD
GO,GO:0005007,000168,FGFR
GO,GO:0005035,000137,Death_receptor
GO,GO:0005094,000415,RhoGDI
GO,GO:0005096,000182,GAP
GO,GO:0005154,000150,EGFR_ligand
GO,GO:0005161,000342,PDGF
GO,GO:0005162,000167,FGF
GO,GO:0005172,000496,VEGFR
GO,GO:0005355,000434,SLC2A
GO,GO:0005577,000169,Fibrinogen
GO,GO:0005579,000278,MAC
GO,GO:0005584,000109,COL1
GO,GO:0005587,000110,COL4
GO,GO:0005588,000111,COL5
GO,GO:0005610,000274,Laminin_332
GO,GO:0005663,000411,RFC
GO,GO:0005665,000417,RNApo_II
GO,GO:0005673,000196,GTF2E
GO,GO:0005674,000197,GTF2F
GO,GO:0005680,000050,APC_C
GO,GO:0005736,000416,RNApo_I
GO,GO:0005747,000501,ETC_complex_I
GO,GO:0005749,000502,ETC_complex_II
GO,GO:0005750,000503,ETC_complex_III
GO,GO:0005751,000504,ETC_complex_IV
GO,GO:0005753,000505,ETC_complex_V
GO,GO:0005761,000288,Mitochondrial_Ribosome
GO,GO:0005762,000290,MRPL
GO,GO:0005763,000289,MRPS
GO,GO:0005832,000085,CCT_complex
GO,GO:0005861,000477,Troponin
GO,GO:0005868,000135,Cytoplasmic_dynein
GO,GO:0005884,000009,Actin
GO,GO:0005956,000104,CK2
GO,GO:0008190,000154,EIF4EBP
GO,GO:0008278,000108,Cohesin
GO,GO:0008279,000108,Cohesin
GO,GO:0008281,000456,Sulfonylurea_receptor
GO,GO:0008433,000186,GEF
GO,GO:0008599,000376,PPP1
GO,GO:0016010,000139,DGC
GO,GO:0016190,000105,Clathrin
GO,GO:0016904,000103,CHRN
GO,GO:0016914,000175,FSH
GO,GO:0019787,000489,UBE2
GO,GO:0030122,000015,Adaptor_protein_II
GO,GO:0031518,000084,CBF3
GO,GO:0031931,000293,mTORC1
GO,GO:0031941,000178,F_actin
GO,GO:0032281,000191,GRIA
GO,GO:0034364,000225,HDL
GO,GO:0034666,000261,Integrins
GO,GO:0034683,000261,Integrins
GO,GO:0034687,000261,Integrins
GO,GO:0035098,000387,PRC2_complex
GO,GO:0035102,000386,PRC1_complex
GO,GO:0038036,000427,S1PR
GO,GO:0042555,000284,MCM
GO,GO:0042825,000459,TAP
GO,GO:0043509,000011,Activin_A
GO,GO:0043511,000256,Inhibin
GO,GO:0043625,000141,DNA_polymerase_delta
GO,GO:0045275,000503,ETC_complex_III
GO,GO:0048180,000010,Activin
GO,GO:0070652,000061,Augmin
GO,GO:0070765,000181,Gamma_secretase
GO,GO:1990779,000188,GPIb_IX_V
HGNC_GROUP,1149,000499,ETC_complex_I_core
HGNC_GROUP,1150,000500,ETC_complex_I_supernumerary
HGNC_GROUP,581,000061,Augmin
HGNC_GROUP,640,000501,ETC_complex_I
HGNC_GROUP,641,000502,ETC_complex_II
HGNC_GROUP,642,000503,ETC_complex_III
HGNC_GROUP,643,000504,ETC_complex_IV
HGNC_GROUP,644,000505,ETC_complex_V
IP,IPR000074,000052,Apolipoprotein
IP,IPR000096,000428,SAA
IP,IPR000162,000193,GRM
IP,IPR000164,000237,Histone_H3
IP,IPR000239,000192,GRK
IP,IPR000308,000323,p14_3_3
IP,IPR000320,000226,Hedgehog
IP,IPR000381,000013,Activin_B
IP,IPR000388,000456,Sulfonylurea_receptor
IP,IPR000406,000415,RhoGDI
IP,IPR000451,000311,NFkappaB
IP,IPR000454,000059,ATP5G
IP,IPR000469,000207,G_12
IP,IPR000469,000208,G_12_alpha
IP,IPR000491,000011,Activin_A
IP,IPR000654,000215,G_q
IP,IPR000654,000216,G_q_alpha
IP,IPR000741,000025,ALDO
IP,IPR000751,000091,CDC25
IP,IPR000756,000140,DGK
IP,IPR000889,000190,GPX
IP,IPR000929,000143,DRD
IP,IPR000941,000157,ENO
IP,IPR000995,000102,CHRM
IP,IPR000997,000101,Cholinesterase
IP,IPR001090,000158,Ephrin_receptor
IP,IPR001132,000441,SMAD
IP,IPR001154,000476,TOP2
IP,IPR001208,000284,MCM
IP,IPR001217,000453,STAT
IP,IPR001241,000476,TOP2
IP,IPR001349,000115,COX6A
IP,IPR001370,000066,BIRC
IP,IPR001408,000212,G_i
IP,IPR001408,000213,G_i_alpha
IP,IPR001426,000158,Ephrin_receptor
IP,IPR001429,000324,P2RX
IP,IPR001442,000110,COL4
IP,IPR001522,000429,SCD
IP,IPR001612,000083,CAV
IP,IPR001657,000226,Hedgehog
IP,IPR001767,000226,Hedgehog
IP,IPR001770,000211,G_gamma
IP,IPR001928,000149,EDN
IP,IPR001951,000238,Histone_H4
IP,IPR002051,000240,HMOX
IP,IPR002112,000268,JUN_family
IP,IPR002117,000327,p53_family
IP,IPR002138,000081,Caspase
IP,IPR002194,000085,CCT_complex
IP,IPR002205,000476,TOP2
IP,IPR002209,000167,FGF
IP,IPR002374,000391,PRKG
IP,IPR002453,000484,TUBB
IP,IPR002454,000485,TUBG
IP,IPR002655,000007,ACOX
IP,IPR002717,000300,MYST
IP,IPR003000,000223,HDAC_III
IP,IPR003074,000375,PPAR
IP,IPR003084,000220,HDAC
IP,IPR003084,000221,HDAC_I
IP,IPR003113,000359,PI3K_p110
IP,IPR003175,000095,CDKN1
IP,IPR003205,000119,COX8
IP,IPR003367,000467,THBS
IP,IPR003502,000252,IL1
IP,IPR003586,000226,Hedgehog
IP,IPR003587,000226,Hedgehog
IP,IPR004000,000009,Actin
IP,IPR004030,000316,NOS
IP,IPR004061,000427,S1PR
IP,IPR004142,000307,NDRG
IP,IPR004171,000365,PKI
IP,IPR004203,000114,COX4
IP,IPR004241,000280,MAP1LC3
IP,IPR004766,000333,Patched
IP,IPR004826,000279,MAF
IP,IPR004979,000463,TFAP2
IP,IPR005455,000355,PFN
IP,IPR005542,000334,PBX
IP,IPR005643,000268,JUN_family
IP,IPR005782,000430,SERCA
IP,IPR005817,000497,Wnt
IP,IPR006019,000432,SHC
IP,IPR006338,000488,TXNRD
IP,IPR006828,000045,AMPK_beta
IP,IPR008297,000317,Notch
IP,IPR008349,000161,ERK
IP,IPR008351,000267,JNK
IP,IPR008352,000326,p38
IP,IPR008366,000309,NFAT
IP,IPR008433,000118,COX7B
IP,IPR008606,000154,EIF4EBP
IP,IPR008631,000206,GYS
IP,IPR008859,000467,THBS
IP,IPR009045,000226,Hedgehog
IP,IPR009123,000138,Desmoglein
IP,IPR010011,000305,NCOA
IP,IPR010660,000317,Notch
IP,IPR010991,000327,p53_family
IP,IPR011039,000197,GTF2F
IP,IPR011615,000327,p53_family
IP,IPR011656,000317,Notch
IP,IPR012144,000316,NOS
IP,IPR012198,000390,PRKAR
IP,IPR012233,000364,PKC
IP,IPR012290,000169,Fibrinogen
IP,IPR012345,000453,STAT
IP,IPR012542,000476,TOP2
IP,IPR013019,000441,SMAD
IP,IPR013288,000114,COX4
IP,IPR013506,000476,TOP2
IP,IPR013537,000005,ACC
IP,IPR013543,000077,CAMK2_complex
IP,IPR013543,000078,CAMK2_family
IP,IPR013558,000460,TCF_LEF
IP,IPR013706,000336,PDE1
IP,IPR013757,000476,TOP2
IP,IPR013758,000476,TOP2
IP,IPR013759,000476,TOP2
IP,IPR013760,000476,TOP2
IP,IPR013790,000441,SMAD
IP,IPR013799,000453,STAT
IP,IPR013800,000453,STAT
IP,IPR013801,000453,STAT
IP,IPR013854,000463,TFAP2
IP,IPR013871,000121,CRISP
IP,IPR014788,000101,Cholinesterase
IP,IPR014920,000305,NCOA
IP,IPR014935,000305,NCOA
IP,IPR014936,000062,AXIN
IP,IPR015008,000419,ROCK
IP,IPR015015,000003,ABL_family
IP,IPR015451,000132,Cyclin_D
IP,IPR015583,000349,PDGF_BB
IP,IPR015588,000247,IFNB
IP,IPR015615,000465,TGFB
IP,IPR015633,000147,E2F
IP,IPR015679,000373,PLD
IP,IPR015876,000429,SCD
IP,IPR015988,000453,STAT
IP,IPR016053,000240,HMOX
IP,IPR016072,000084,CBF3
IP,IPR016084,000240,HMOX
IP,IPR016239,000329,P90RSK
IP,IPR016245,000160,ERBB
IP,IPR016246,000260,INSR
IP,IPR016247,000420,ROR
IP,IPR016248,000168,FGFR
IP,IPR016251,000266,JAK
IP,IPR016257,000158,Ephrin_receptor
IP,IPR016279,000372,PLCG
IP,IPR016280,000370,PLCB
IP,IPR016311,000163,ETS
IP,IPR016319,000465,TGFB
IP,IPR016346,000210,G_beta
IP,IPR016897,000084,CBF3
IP,IPR017104,000049,AP2A
IP,IPR017348,000362,PIM
IP,IPR017426,000305,NCOA
IP,IPR017897,000467,THBS
IP,IPR017904,000107,Cofilin
IP,IPR018161,000497,Wnt
IP,IPR018207,000240,HMOX
IP,IPR018361,000083,CAV
IP,IPR018507,000115,COX6A
IP,IPR018522,000476,TOP2
IP,IPR019764,000149,EDN
IP,IPR020475,000149,EDN
IP,IPR020537,000059,ATP5G
IP,IPR020684,000419,ROCK
IP,IPR020777,000321,NTRK
IP,IPR020810,000157,ENO
IP,IPR020811,000157,ENO
IP,IPR022684,000079,CAPN
IP,IPR023272,000118,COX7B
IP,IPR023337,000449,SPRED
IP,IPR023409,000323,p14_3_3
IP,IPR023410,000323,p14_3_3
IP,IPR024940,000460,TCF_LEF
IP,IPR024946,000476,TOP2
IP,IPR025561,000272,KSR
IP,IPR026590,000223,HDAC_III
IP,IPR027288,000346,PDGFR_BB
IP,IPR027290,000344,PDGFR_AA
IP,IPR027309,000324,P2RX
IP,IPR027705,000170,FLOT
IP,IPR027707,000480,Troponin_T
IP,IPR027936,000158,Ephrin_receptor
IP,IPR028412,000400,RAL
IP,IPR028433,000332,PARV
IP,IPR028858,000133,Cyclin_E
IP,IPR028974,000467,THBS
IP,IPR028992,000226,Hedgehog
IP,IPR029760,000190,GPX
IP,IPR029768,000025,ALDO
IP,IPR030492,000311,NFkappaB
IP,IPR031327,000284,MCM
IP,IPR031635,000321,NTRK
IP,IPR031660,000476,TOP2
IP,IPR031675,000377,PPP1C
IP,IPR031905,000170,FLOT
IP,IPR032067,000174,FOXO
IP,IPR032101,000062,AXIN
IP,IPR032270,000044,AMPK_alpha
IP,IPR032640,000045,AMPK_beta
IP,IPR033139,000081,Caspase
IP,IPR033614,000410,RASSF
IP,IPR033896,000285,MEF2
IP,IPR033923,000330,PAK
IP,IPR033926,000311,NFkappaB
IP,IPR034117,000121,CRISP
IP,IPR034157,000476,TOP2
IP,IPR035014,000391,PRKG
IP,IPR035023,000372,PLCG
IP,IPR035024,000372,PLCG
MEDSCAN,urn:agi-aopfc:0000094,000120,CREB
MEDSCAN,urn:agi-aopfc:0000099,000147,E2F
MEDSCAN,urn:agi-aopfc:0000105,000184,GATA
MEDSCAN,urn:agi-aopfc:0000142,000279,MAF
MEDSCAN,urn:agi-aopfc:0000143,000285,MEF2
MEDSCAN,urn:agi-aopfc:0000150,000310,NFE
MEDSCAN,urn:agi-aopfc:0000156,000311,NFkappaB
MEDSCAN,urn:agi-aopfc:0000157,000412,RFX
MEDSCAN,urn:agi-aopfc:0000159,000441,SMAD
MEDSCAN,urn:agi-aopfc:0000163,000453,STAT
MEDSCAN,urn:agi-aopfc:0000197,000177,FZD
MEDSCAN,urn:agi-aopfc:0000252,000136,DDR
MEDSCAN,urn:agi-aopfc:0000264,000260,INSR
MEDSCAN,urn:agi-aopfc:0000278,000321,NTRK
MEDSCAN,urn:agi-aopfc:0000279,000317,Notch
MEDSCAN,urn:agi-aopfc:0000281,000333,Patched
MEDSCAN,urn:agi-aopfc:0000286,000420,ROR
MEDSCAN,urn:agi-aopfc:0000294,000466,TGFBR
MEDSCAN,urn:agi-aopfc:0000295,000475,TNFRSF
MEDSCAN,urn:agi-aopfc:0000296,000472,TLR
MEDSCAN,urn:agi-aopfc:0000311,000187,GPCR
MEDSCAN,urn:agi-aopfc:0000391,000099,Chemokine
MEDSCAN,urn:agi-aopfc:0000423,000465,TGFB
MEDSCAN,urn:agi-aopfc:0000426,000497,Wnt
MEDSCAN,urn:agi-aopfc:0000434,000194,GSK3
MEDSCAN,urn:agi-aopfc:0000439,000023,AKT
MEDSCAN,urn:agi-aopfc:0000447,000358,PI3K
MEDSCAN,urn:agi-aopfc:0000452,000075,CALM
MEDSCAN,urn:agi-aopfc:0000455,000366,PLA2
MEDSCAN,urn:agi-aopfc:0000458,000161,ERK
MEDSCAN,urn:agi-aopfc:0000462,000286,MEK
MEDSCAN,urn:agi-aopfc:0000464,000266,JAK
MEDSCAN,urn:agi-aopfc:0000465,000404,RAS
MEDSCAN,urn:agi-aopfc:0000468,000330,PAK
MEDSCAN,urn:agi-aopfc:0000473,000267,JNK
MEDSCAN,urn:agi-aopfc:0000477,000326,p38
MEDSCAN,urn:agi-aopfc:0000479,000302,NADPH_oxidase
MEDSCAN,urn:agi-aopfc:0000494,000316,NOS
MEDSCAN,urn:agi-aopfc:0000499,000414,RHO
MEDSCAN,urn:agi-aopfc:0000504,000494,VAV
MEDSCAN,urn:agi-aopfc:0000509,000451,SRC
MEDSCAN,urn:agi-aopfc:0000551,000091,CDC25
MEDSCAN,urn:agi-aopfc:0000567,000003,ABL_family
MEDSCAN,urn:agi-aopfc:0000571,000050,APC_C
MEDSCAN,urn:agi-aopfc:0000585,000264,IRS
MEDSCAN,urn:agi-aopfc:0000586,000248,IGFBP
MEDSCAN,urn:agi-aopfc:0000587,000226,Hedgehog
MEDSCAN,urn:agi-aopfc:0000615,000252,IL1
MEDSCAN,urn:agi-aopfc:0000704,000339,PDE6
MEDSCAN,urn:agi-complex:CaM%20kinase%20II,000077,CAMK2_complex
MEDSCAN,urn:agi-complex:CD3%20complex,000087,CD3
MEDSCAN,urn:agi-complex:CD8,000090,CD8
MEDSCAN,urn:agi-complex:HIF-1,000230,HIF1
MEDSCAN,urn:agi-complex:IFNGR,000263,Interferon_gamma_receptor
MEDSCAN,urn:agi-complex:IKK%20complex,000250,IKK_complex
MEDSCAN,urn:agi-complex:IL12,000253,IL12
MEDSCAN,urn:agi-complex:inhibin%20A,000257,Inhibin_A
MEDSCAN,urn:agi-complex:Luteinizing%20hormone,000276,LH
MEDSCAN,urn:agi-complex:MAC-1%20(integrin),000261,Integrins
MEDSCAN,urn:agi-complex:NF-E2,000310,NFE
MEDSCAN,urn:agi-complex:platelet%20derived%20growth%20factor%20AA,000347,PDGF_AA
MEDSCAN,urn:agi-complex:platelet%20derived%20growth%20factor%20AB,000348,PDGF_AB
MEDSCAN,urn:agi-complex:platelet%20derived%20growth%20factor%20BB,000349,PDGF_BB
MEDSCAN,urn:agi-complex:prophash-047b61fab6d7e7445346cc84dafcb267,000177,FZD
MEDSCAN,urn:agi-complex:prophash-0d528c29d63997f87f62e4fbd9f0b168,000294,mTORC2
MEDSCAN,urn:agi-complex:prophash-0f8242e28423189d7ef714808fdcc121,000233,Histone
MEDSCAN,urn:agi-complex:prophash-285b9ff3749679e4d6266406a20973aa,000358,PI3K
MEDSCAN,urn:agi-complex:prophash-2b612daa76feb2db86ff39e70449df6b,000387,PRC2_complex
MEDSCAN,urn:agi-complex:prophash-2de597c3f4a807f3caeaf02e5f93ce15,000453,STAT
MEDSCAN,urn:agi-complex:prophash-40bc2e4348830d6f7bdacd573fd7c388,000147,E2F
MEDSCAN,urn:agi-complex:prophash-44f61960049704dc2afb23ff7c324b85,000230,HIF1
MEDSCAN,urn:agi-complex:prophash-4dda466320b1a32b046d823accadbaee,000092,CDK
MEDSCAN,urn:agi-complex:prophash-50bd08479c3770278693a51fe379babd,000490,Ubiquitin
MEDSCAN,urn:agi-complex:prophash-72ef5fc0ab431a39e0e2915bf55b6e28,000441,SMAD
MEDSCAN,urn:agi-complex:prophash-7629c2cdfdf4908b72f13917a7c1551e,000411,RFC
MEDSCAN,urn:agi-complex:prophash-763d31b31e177311583df0ac1ea015da,000187,GPCR
MEDSCAN,urn:agi-complex:prophash-7e8823afb9ca7870b95633dcb782500b,000220,HDAC
MEDSCAN,urn:agi-complex:prophash-8a9e47ee0ee03d8d8b6e029e2fba6896,000074,Cadherin
MEDSCAN,urn:agi-complex:prophash-8cfce9bfac3857e6f068d517deadfeaa,000311,NFkappaB
MEDSCAN,urn:agi-complex:prophash-8d885376e30916afd0b47ccf1b044e75,000268,JUN_family
MEDSCAN,urn:agi-complex:prophash-90a087d4e73b3992c65edfd9f71c6802,000486,Tubulin
MEDSCAN,urn:agi-complex:prophash-9e456bf1de2c5eb1107156c96a1450e6,000466,TGFBR
MEDSCAN,urn:agi-complex:prophash-aba0c4130764ae7a26054736114e65cd,000386,PRC1_complex
MEDSCAN,urn:agi-complex:prophash-bd459ca2937257c9e3f2b75abf22f422,000424,RXR
MEDSCAN,urn:agi-complex:prophash-c3bac0781a4430da4cf6721b8f7537d9,000127,CUL
MEDSCAN,urn:agi-complex:prophash-cd6413d79122d5489ee4b4e339245b61,000085,CCT_complex
MEDSCAN,urn:agi-complex:prophash-d39afef40daf23ad8376b53904c7092c,000376,PPP1
MEDSCAN,urn:agi-complex:prophash-d9fbae788d60df23b6be4a3ead2cbab4,000417,RNApo_II
MEDSCAN,urn:agi-complex:prophash-dd63d0a558770b12c9149b4955828f35,000050,APC_C
MEDSCAN,urn:agi-complex:prophash-e4ec238e69c3d3292966ac97dbc11086,000477,Troponin
MEDSCAN,urn:agi-complex:prophash-e6be10f6a8e79aed1daa4ec2ac191db1,000284,MCM
MEDSCAN,urn:agi-complex:prophash-e9fbfd73e486bda4d99b348f72bb4196,000204,GTPase
MEDSCAN,urn:agi-complex:prophash-f2e03d3bf1f747adab17ce77b9b5e5b3,000379,PPP2
MEDSCAN,urn:agi-complex:prophash-f472fef3f59301aee0b776702a30f03e,000293,mTORC1
MEDSCAN,urn:agi-complex:prophash-f7a9dc05e48afd7a93466cfbd5504861,000457,SWI_SNF
MEDSCAN,urn:agi-complex:prophash-f7e292d6e30998b81cf5f772ab430f11,000075,CALM
MEDSCAN,urn:agi-complex:protein%20phosphatase%203,000383,PPP3
MEDSCAN,urn:agi-complex:protein%20phosphatase%20type%201%20complex,000376,PPP1
MEDSCAN,urn:agi-complex:protein%20phosphatase%20type%202A%20complex,000379,PPP2
MEDSCAN,urn:agi-complex:SMAD2%2f3,000443,SMAD2_3
MEDSCAN,urn:agi-protfc:14-3-3,000323,p14_3_3
MEDSCAN,urn:agi-protfc:actins,000009,Actin
MEDSCAN,urn:agi-protfc:AMPK,000031,AMPK
MEDSCAN,urn:agi-protfc:apolipoprotein,000052,Apolipoprotein
MEDSCAN,urn:agi-protfc:bone%20morphogenetic%20protein%20I%20receptor,000069,BMP_receptor_type_I
MEDSCAN,urn:agi-protfc:cadherin,000074,Cadherin
MEDSCAN,urn:agi-protfc:casein%20kinase%20I,000124,CSNK1
MEDSCAN,urn:agi-protfc:caveolin,000083,CAV
MEDSCAN,urn:agi-protfc:checkpoint%20kinase,000098,CHEK
MEDSCAN,urn:agi-protfc:chromatin%20remodeling%20complex,000457,SWI_SNF
MEDSCAN,urn:agi-protfc:class%20c%20orphan%20receptor,000187,GPCR
MEDSCAN,urn:agi-protfc:cullin,000127,CUL
MEDSCAN,urn:agi-protfc:cyclin,000130,Cyclin
MEDSCAN,urn:agi-protfc:cyclophilins,000134,Cyclophilin
MEDSCAN,urn:agi-protfc:cytosolic%20phospholipase%20a2,000366,PLA2
MEDSCAN,urn:agi-protfc:desmoglein,000138,Desmoglein
MEDSCAN,urn:agi-protfc:endothelin,000149,EDN
MEDSCAN,urn:agi-protfc:F-actin-binding%20protein,000178,F_actin
MEDSCAN,urn:agi-protfc:flotillin,000170,FLOT
MEDSCAN,urn:agi-protfc:hemoglobin,000227,Hemoglobin
MEDSCAN,urn:agi-protfc:histone%20H1,000234,Histone_H1
MEDSCAN,urn:agi-protfc:histone%20H2A,000235,Histone_H2A
MEDSCAN,urn:agi-protfc:histone%20H2B,000236,Histone_H2B
MEDSCAN,urn:agi-protfc:histone%20H3,000237,Histone_H3
MEDSCAN,urn:agi-protfc:histone%20H4,000238,Histone_H4
MEDSCAN,urn:agi-protfc:histone,000233,Histone
MEDSCAN,urn:agi-protfc:interferon,000262,Interferon
MEDSCAN,urn:agi-protfc:kallikrein,000271,KLK
MEDSCAN,urn:agi-protfc:mglur,000193,GRM
MEDSCAN,urn:agi-protfc:myosin%20heavy%20chain,000295,MYH
MEDSCAN,urn:agi-protfc:myosin%20light%20chain,000296,MYL
MEDSCAN,urn:agi-protfc:neuregulin%20family,000318,NRG
MEDSCAN,urn:agi-protfc:p2y%20receptor,000325,P2RY
MEDSCAN,urn:agi-protfc:p70rsk,000328,P70S6K
MEDSCAN,urn:agi-protfc:p90rsk,000329,P90RSK
MEDSCAN,urn:agi-protfc:PDE4%20subfamily,000338,PDE4
MEDSCAN,urn:agi-protfc:phosphodiesterase%20III,000337,PDE3
MEDSCAN,urn:agi-protfc:ppar,000375,PPAR
MEDSCAN,urn:agi-protfc:profilin,000355,PFN
MEDSCAN,urn:agi-protfc:rab,000397,RAB
MEDSCAN,urn:agi-protfc:sarcoplasmic%20reticulum%20calcium%20transporting%20adenosine%20triphosphatase,000430,SERCA
MEDSCAN,urn:agi-protfc:shc%20protein,000432,SHC
MEDSCAN,urn:agi-protfc:STAT5%20protein,000454,STAT5
MEDSCAN,urn:agi-protfc:sterol%20regulatory%20element%20binding%20protein,000452,SREBF
MEDSCAN,urn:agi-protfc:SWI%2fSNF%20family,000457,SWI_SNF
MEDSCAN,urn:agi-protfc:thioredoxin,000487,TXN
MEDSCAN,urn:agi-protfc:thrombospondins,000467,THBS
MEDSCAN,urn:agi-protfc:tubulin,000486,Tubulin
MEDSCAN,urn:agi-protfc:ubiquitin,000490,Ubiquitin
MESH,C072194,000349,PDGF_BB
MESH,D000199,000009,Actin
MESH,D003576,000504,ETC_complex_IV
MESH,D006657,000233,Histone
MESH,D010749,000357,Phosphatase
MESH,D011493,000364,PKC
MESH,D011948,000461,TCR
MESH,D014450,000503,ETC_complex_III
MESH,D016695,000198,Glycosyltransferase
MESH,D018808,000048,AP1
MESH,D018844,000092,CDK
MESH,D020169,000081,Caspase
MESH,D025261,000505,ETC_complex_V
MESH,D042963,000502,ETC_complex_II
MESH,D042967,000501,ETC_complex_I
MESH,D046988,000394,Proteasome
NCIT,C104194,000132,Cyclin_D
NCIT,C104197,000133,Cyclin_E
NCIT,C104199,000251,IKK_family
NCIT,C104676,000473,TN
NCIT,C105947,000281,MAP2K
NCIT,C105952,000051,APOA
NCIT,C107433,000338,PDE4
NCIT,C107559,000104,CK2
NCIT,C112049,000502,ETC_complex_II
NCIT,C112051,000080,Carboxylesterase
NCIT,C113839,000229,HIF
NCIT,C116019,000044,AMPK_alpha
NCIT,C118184,000501,ETC_complex_I
NCIT,C118481,000024,ALDH
NCIT,C118892,000174,FOXO
NCIT,C120030,000481,Tryptase
NCIT,C120493,000226,Hedgehog
NCIT,C124129,000109,COL1
NCIT,C126114,000372,PLCG
NCIT,C126122,000188,GPIb_IX_V
NCIT,C129655,000484,TUBB
NCIT,C16258,000009,Actin
NCIT,C16264,000017,ADCY
NCIT,C16272,000018,ADH
NCIT,C16373,000074,Cadherin
NCIT,C16375,000075,CALM
NCIT,C16376,000161,ERK
NCIT,C16376,000283,MAPK
NCIT,C16377,000079,CAPN
NCIT,C16448,000110,COL4
NCIT,C16479,000363,PKA
NCIT,C16511,000141,DNA_polymerase_delta
NCIT,C16641,000195,GST
NCIT,C16650,000204,GTPase
NCIT,C16653,000205,GUCY
NCIT,C16676,000227,Hemoglobin
NCIT,C16682,000220,HDAC
NCIT,C16683,000234,Histone_H1
NCIT,C16684,000235,Histone_H2A
NCIT,C16685,000237,Histone_H3
NCIT,C16686,000238,Histone_H4
NCIT,C16687,000233,Histone
NCIT,C16692,000239,HLA_DR
NCIT,C16748,000261,Integrins
NCIT,C16965,000393,Protease
NCIT,C16979,000366,PLA2
NCIT,C16981,000357,Phosphatase
NCIT,C17017,000364,PKC
NCIT,C17061,000404,RAS
NCIT,C17062,000021,ADRB
NCIT,C17065,000461,TCR
NCIT,C17066,000143,DRD
NCIT,C17078,000468,THR
NCIT,C17219,000486,Tubulin
NCIT,C17227,000490,Ubiquitin
NCIT,C17270,000358,PI3K
NCIT,C17274,000067,BMP
NCIT,C17286,000120,CREB
NCIT,C17293,000496,VEGFR
NCIT,C17297,000168,FGFR
NCIT,C17298,000182,GAP
NCIT,C17322,000343,PDGFR
NCIT,C17343,000479,Troponin_I
NCIT,C17349,000130,Cyclin
NCIT,C17380,000311,NFkappaB
NCIT,C17450,000048,AP1
NCIT,C17458,000214,G_protein
NCIT,C17487,000086,CD16
NCIT,C17494,000186,GEF
NCIT,C17532,000403,RAR
NCIT,C17534,000424,RXR
NCIT,C17583,000249,IKB
NCIT,C17660,000423,RTK
NCIT,C17690,000230,HIF1
NCIT,C17763,000160,ERBB
NCIT,C17766,000241,HSP90
NCIT,C17767,000092,CDK
NCIT,C17903,000309,NFAT
NCIT,C18153,000081,Caspase
NCIT,C18162,000152,EIF2B
NCIT,C18164,000291,MMP
NCIT,C18239,000187,GPCR
NCIT,C18308,000088,CD32
NCIT,C18434,000476,TOP2
NCIT,C18492,000094,CDKN
NCIT,C18606,000158,Ephrin_receptor
NCIT,C19275,000213,G_i_alpha
NCIT,C19618,000453,STAT
NCIT,C19836,000368,PLA2G4
NCIT,C19866,000386,PRC1_complex
NCIT,C20448,000342,PDGF
NCIT,C129646,000495,VEGF
NCIT,C20456,000010,Activin
NCIT,C20466,000099,Chemokine
NCIT,C20493,000262,Interferon
NCIT,C20495,000247,IFNB
NCIT,C20506,000252,IL1
NCIT,C20514,000253,IL12
NCIT,C20591,000457,SWI_SNF
NCIT,C2275,000219,hCG
NCIT,C2276,000256,Inhibin
NCIT,C2277,000257,Inhibin_A
NCIT,C2278,000258,Inhibin_B
NCIT,C25184,000275,LDH
NCIT,C25186,000225,HDL
NCIT,C26034,000504,ETC_complex_IV
NCIT,C26233,000192,GRK
NCIT,C26360,000161,ERK
NCIT,C28687,000122,CRSP
NCIT,C38041,000480,Troponin_T
NCIT,C38897,000087,CD3
NCIT,C41625,000023,AKT
NCIT,C736,000354,Pertussis_toxin
NCIT,C94701,000031,AMPK
NCIT,C95114,000181,Gamma_secretase
NCIT,C95947,000416,RNApo_I
NCIT,C95948,000417,RNApo_II
NCIT,C96314,000293,mTORC1
NCIT,C96315,000294,mTORC2
NXP,FA:00078,000009,Actin
NXP,FA:00093,000004,ACAD
NXP,FA:00209,000463,TFAP2
NXP,FA:00406,000097,CEBP
NXP,FA:00408,000173,FOS_family
NXP,FA:00421,000385,PPP3R
NXP,FA:00440,000075,CALM
NXP,FA:00489,000083,CAV
NXP,FA:00653,000106,CNKSR
NXP,FA:00787,000127,CUL
NXP,FA:00803,000337,PDE3
NXP,FA:00804,000338,PDE4
NXP,FA:00815,000130,Cyclin
NXP,FA:00818,000132,Cyclin_D
NXP,FA:00819,000133,Cyclin_E
NXP,FA:00921,000153,EIF4A
NXP,FA:01112,000157,ENO
NXP,FA:01121,000159,EPN
NXP,FA:01400,000211,G_gamma
NXP,FA:01553,000190,GPX
NXP,FA:01669,000195,GST
NXP,FA:01729,000226,Hedgehog
NXP,FA:01762,000235,Histone_H2A
NXP,FA:01764,000237,Histone_H3
NXP,FA:01765,000238,Histone_H4
NXP,FA:01820,000252,IL1
NXP,FA:01869,000259,INS
NXP,FA:02022,000275,LDH
NXP,FA:02159,000434,SLC2A
NXP,FA:02187,000284,MCM
NXP,FA:02504,000316,NOS
NXP,FA:02506,000317,Notch
NXP,FA:02630,000324,P2RX
NXP,FA:02632,000327,p53_family
NXP,FA:02660,000332,PARV
NXP,FA:02762,000156,ELA
NXP,FA:02767,000481,Tryptase
NXP,FA:02840,000366,PLA2
NXP,FA:03001,000376,PPP1
NXP,FA:03065,000364,PKC
NXP,FA:03066,000398,RAC
NXP,FA:03071,000031,AMPK
NXP,FA:03072,000076,CAMK
NXP,FA:03078,000362,PIM
NXP,FA:03083,000124,CSNK1
NXP,FA:03087,000194,GSK3
NXP,FA:03091,000146,DYRK
NXP,FA:03101,000104,CK2
NXP,FA:03104,000251,IKK_family
NXP,FA:03114,000399,RAF
NXP,FA:03124,000158,Ephrin_receptor
NXP,FA:03128,000260,INSR
NXP,FA:03129,000266,JAK
NXP,FA:03130,000420,ROR
NXP,FA:03131,000451,SRC
NXP,FA:03483,000428,SAA
NXP,FA:03579,000431,SERPINB
NXP,FA:03661,000397,RAB
NXP,FA:03663,000404,RAS
NXP,FA:03668,000414,RHO
NXP,FA:03672,000435,SLRP
NXP,FA:03673,000436,SLRP_1
NXP,FA:03674,000437,SLRP_2
NXP,FA:03675,000438,SLRP_3
NXP,FA:03676,000439,SLRP_4
NXP,FA:03677,000440,SLRP_5
NXP,FA:03686,000444,SMC1
NXP,FA:03943,000460,TCF_LEF
NXP,FA:03964,000473,TN
NXP,FA:03989,000465,TGFB
NXP,FA:04000,000487,TXN
NXP,FA:04014,000470,TIAM
NXP,FA:04239,000486,Tubulin
NXP,FA:04243,000474,TNF
NXP,FA:04276,000490,Ubiquitin
NXP,FA:04282,000489,UBE2
NXP,FA:04686,000497,Wnt
NXP,FA:04773,000401,RAP1
PF,PF00012,000244,HSPA
PF,PF00022,000009,Actin
PF,PF00028,000074,Cadherin
PF,PF00066,000317,Notch
PF,PF00071,000404,RAS
PF,PF00110,000497,Wnt
PF,PF00143,000262,Interferon
PF,PF00146,000301,NADH_dehydrogenase
PF,PF00167,000167,FGF
PF,PF00178,000163,ETS
PF,PF00183,000241,HSP90
PF,PF00219,000248,IGFBP
PF,PF00229,000474,TNF
PF,PF00235,000355,PFN
PF,PF00244,000323,p14_3_3
PF,PF00255,000190,GPX
PF,PF00277,000428,SAA
PF,PF00320,000184,GATA
PF,PF00322,000149,EDN
PF,PF00340,000252,IL1
PF,PF00465,000018,ADH
PF,PF00493,000284,MCM
PF,PF00503,000209,G_alpha
PF,PF00616,000407,RasGAP
PF,PF00644,000331,PARP
PF,PF00656,000081,Caspase
PF,PF00864,000324,P2RX
PF,PF00870,000327,p53_family
PF,PF00888,000127,CUL
PF,PF00963,000108,Cohesin
PF,PF01146,000083,CAV
PF,PF01442,000052,Apolipoprotein
PF,PF01534,000177,FZD
PF,PF01756,000007,ACOX
PF,PF02046,000115,COX6A
PF,PF02158,000318,NRG
PF,PF02174,000264,IRS
PF,PF02234,000094,CDKN
PF,PF02238,000117,COX7A
PF,PF02285,000119,COX8
PF,PF02297,000116,COX6B
PF,PF02377,000145,DVL
PF,PF02460,000333,Patched
PF,PF02545,000279,MAF
PF,PF02608,000067,BMP
PF,PF02827,000365,PKI
PF,PF02854,000155,EIF4G
PF,PF02936,000114,COX4
PF,PF03039,000253,IL12
PF,PF03096,000307,NDRG
PF,PF05392,000118,COX7B
PF,PF08137,000145,DVL
PF,PF08562,000121,CRISP
PF,PF08841,000136,DDR
PF,PF11413,000230,HIF1
PF,PF12483,000148,E3_Ub_ligase
PF,PF15975,000170,FLOT
RE,R-HSA-1031694,000089,CD64
RE,R-HSA-109631,000197,GTF2F
RE,R-HSA-109633,000196,GTF2E
RE,R-HSA-109782,000404,RAS
RE,R-HSA-109783,000404,RAS
RE,R-HSA-109796,000404,RAS
RE,R-HSA-111854,000370,PLCB
RE,R-HSA-111864,000212,G_i
RE,R-HSA-111864,000213,G_i_alpha
RE,R-HSA-111921,000390,PRKAR
RE,R-HSA-111923,000390,PRKAR
RE,R-HSA-111952,000336,PDE1
RE,R-HSA-111953,000336,PDE1
RE,R-HSA-111960,000338,PDE4
RE,R-HSA-114525,000208,G_12_alpha
RE,R-HSA-114534,000215,G_q
RE,R-HSA-114534,000216,G_q_alpha
RE,R-HSA-114547,000207,G_12
RE,R-HSA-114556,000215,G_q
RE,R-HSA-114556,000216,G_q_alpha
RE,R-HSA-114617,000169,Fibrinogen
RE,R-HSA-114618,000169,Fibrinogen
RE,R-HSA-114657,000465,TGFB
RE,R-HSA-114668,000188,GPIb_IX_V
RE,R-HSA-1168365,000372,PLCG
RE,R-HSA-1168621,000250,IKK_complex
RE,R-HSA-1169086,000372,PLCG
RE,R-HSA-1169089,000372,PLCG
RE,R-HSA-1218829,000243,HSP90AA
RE,R-HSA-1221657,000243,HSP90AA
RE,R-HSA-1227956,000319,NRG_1_2
RE,R-HSA-1227957,000318,NRG
RE,R-HSA-1234130,000229,HIF
RE,R-HSA-1234147,000231,HIF_alpha
RE,R-HSA-1236898,000089,CD64
RE,R-HSA-1236905,000089,CD64
RE,R-HSA-1247495,000319,NRG_1_2
RE,R-HSA-1248743,000319,NRG_1_2
RE,R-HSA-1250100,000326,p38
RE,R-HSA-1250102,000326,p38
RE,R-HSA-1268261,000161,ERK
RE,R-HSA-1362227,000464,TFDP
RE,R-HSA-139848,000324,P2RX
RE,R-HSA-139933,000169,Fibrinogen
RE,R-HSA-139934,000169,Fibrinogen
RE,R-HSA-140586,000169,Fibrinogen
RE,R-HSA-140812,000469,Thrombin_antithrombin
RE,R-HSA-140871,000469,Thrombin_antithrombin
RE,R-HSA-140874,000469,Thrombin_antithrombin
RE,R-HSA-140919,000169,Fibrinogen
RE,R-HSA-1445138,000323,p14_3_3
RE,R-HSA-1449672,000013,Activin_B
RE,R-HSA-1449688,000256,Inhibin
RE,R-HSA-1449698,000012,Activin_AB
RE,R-HSA-1469978,000454,STAT5
RE,R-HSA-1504201,000145,DVL
RE,R-HSA-157462,000133,Cyclin_E
RE,R-HSA-162690,000189,GPIT
RE,R-HSA-163538,000377,PPP1C
RE,R-HSA-163679,000042,AMPK_A2B2G2
RE,R-HSA-163736,000042,AMPK_A2B2G2
RE,R-HSA-163747,000042,AMPK_A2B2G2
RE,R-HSA-165175,000482,TSC
RE,R-HSA-165180,000482,TSC
RE,R-HSA-1655720,000452,SREBF
RE,R-HSA-1655725,000452,SREBF
RE,R-HSA-1655726,000452,SREBF
RE,R-HSA-1655730,000452,SREBF
RE,R-HSA-1655732,000452,SREBF
RE,R-HSA-1655734,000452,SREBF
RE,R-HSA-165631,000502,ETC_complex_II
RE,R-HSA-165990,000381,PPP2R_A
RE,R-HSA-165997,000381,PPP2R_A
RE,R-HSA-167023,000432,SHC
RE,R-HSA-167204,000404,RAS
RE,R-HSA-167215,000448,SOS
RE,R-HSA-167409,000210,G_beta
RE,R-HSA-167410,000212,G_i
RE,R-HSA-167410,000213,G_i_alpha
RE,R-HSA-167413,000212,G_i
RE,R-HSA-167413,000213,G_i_alpha
RE,R-HSA-167438,000212,G_i
RE,R-HSA-167438,000213,G_i_alpha
RE,R-HSA-167442,000211,G_gamma
RE,R-HSA-1678828,000155,EIF4G
RE,R-HSA-168113,000250,IKK_complex
RE,R-HSA-169289,000161,ERK
RE,R-HSA-169291,000161,ERK
RE,R-HSA-170089,000131,Cyclin_A
RE,R-HSA-170108,000091,CDC25
RE,R-HSA-170994,000400,RAL
RE,R-HSA-170998,000400,RAL
RE,R-HSA-171016,000326,p38
RE,R-HSA-171172,000443,SMAD2_3
RE,R-HSA-171182,000443,SMAD2_3
RE,R-HSA-173584,000072,C1
RE,R-HSA-173615,000072,C1
RE,R-HSA-173617,000072,C1
RE,R-HSA-173728,000278,MAC
RE,R-HSA-174074,000131,Cyclin_A
RE,R-HSA-174454,000411,RFC
RE,R-HSA-177105,000443,SMAD2_3
RE,R-HSA-177656,000312,NFkappaB_1
RE,R-HSA-177662,000312,NFkappaB_1
RE,R-HSA-177663,000250,IKK_complex
RE,R-HSA-179508,000025,ALDO
RE,R-HSA-182582,000132,Cyclin_D
RE,R-HSA-182700,000132,Cyclin_D
RE,R-HSA-184196,000349,PDGF_BB
RE,R-HSA-184198,000349,PDGF_BB
RE,R-HSA-184203,000347,PDGF_AA
RE,R-HSA-184204,000349,PDGF_BB
RE,R-HSA-184206,000349,PDGF_BB
RE,R-HSA-186769,000343,PDGFR
RE,R-HSA-186769,000345,PDGFR_AB
RE,R-HSA-186770,000343,PDGFR
RE,R-HSA-186770,000345,PDGFR_AB
RE,R-HSA-186791,000343,PDGFR
RE,R-HSA-186791,000345,PDGFR_AB
RE,R-HSA-186792,000343,PDGFR
RE,R-HSA-186792,000345,PDGFR_AB
RE,R-HSA-186799,000346,PDGFR_BB
RE,R-HSA-186805,000346,PDGFR_BB
RE,R-HSA-186816,000344,PDGFR_AA
RE,R-HSA-186817,000344,PDGFR_AA
RE,R-HSA-186821,000343,PDGFR
RE,R-HSA-186821,000345,PDGFR_AB
RE,R-HSA-187493,000133,Cyclin_E
RE,R-HSA-189382,000240,HMOX
RE,R-HSA-189828,000326,p38
RE,R-HSA-1911410,000055,ARRB
RE,R-HSA-1911440,000317,Notch
RE,R-HSA-1911472,000317,Notch
RE,R-HSA-1911474,000317,Notch
RE,R-HSA-1911547,000317,Notch
RE,R-HSA-1911550,000317,Notch
RE,R-HSA-195361,000495,VEGF
RE,R-HSA-195376,000495,VEGF
RE,R-HSA-196206,000379,PPP2
RE,R-HSA-198358,000194,GSK3
RE,R-HSA-198373,000194,GSK3
RE,R-HSA-198701,000161,ERK
RE,R-HSA-198899,000090,CD8
RE,R-HSA-200408,000042,AMPK_A2B2G2
RE,R-HSA-200563,000005,ACC
RE,R-HSA-201465,000070,BMP_receptor_type_II
RE,R-HSA-201689,000145,DVL
RE,R-HSA-201711,000104,CK2
RE,R-HSA-201725,000145,DVL
RE,R-HSA-201779,000384,PPP3C
RE,R-HSA-201798,000384,PPP3C
RE,R-HSA-201804,000070,BMP_receptor_type_II
RE,R-HSA-202052,000023,AKT
RE,R-HSA-202072,000023,AKT
RE,R-HSA-202074,000023,AKT
RE,R-HSA-202088,000023,AKT
RE,R-HSA-202513,000250,IKK_complex
RE,R-HSA-202562,000250,IKK_complex
RE,R-HSA-202877,000082,Caspase_3_7
RE,R-HSA-2029095,000372,PLCG
RE,R-HSA-2029115,000494,VAV
RE,R-HSA-203947,000353,PDK
RE,R-HSA-206893,000011,Activin_A
RE,R-HSA-2089970,000109,COL1
RE,R-HSA-212420,000317,Notch
RE,R-HSA-2127310,000111,COL5
RE,R-HSA-2127389,000110,COL4
RE,R-HSA-2127422,000111,COL5
RE,R-HSA-2151208,000045,AMPK_beta
RE,R-HSA-2151212,000046,AMPK_gamma
RE,R-HSA-2151213,000044,AMPK_alpha
RE,R-HSA-215989,000273,Laminin_111
RE,R-HSA-216001,000274,Laminin_332
RE,R-HSA-2176482,000443,SMAD2_3
RE,R-HSA-2187329,000443,SMAD2_3
RE,R-HSA-2187387,000443,SMAD2_3
RE,R-HSA-2213185,000142,DNM
RE,R-HSA-2220790,000274,Laminin_332
RE,R-HSA-2316451,000046,AMPK_gamma
RE,R-HSA-2317310,000023,AKT
RE,R-HSA-2317317,000023,AKT
RE,R-HSA-2317329,000023,AKT
RE,R-HSA-2395330,000465,TGFB
RE,R-HSA-2396039,000109,COL1
RE,R-HSA-2396161,000109,COL1
RE,R-HSA-2396179,000109,COL1
RE,R-HSA-2396183,000109,COL1
RE,R-HSA-2396256,000109,COL1
RE,R-HSA-2396260,000109,COL1
RE,R-HSA-2396334,000109,COL1
RE,R-HSA-2396451,000109,COL1
RE,R-HSA-2396456,000109,COL1
RE,R-HSA-2396478,000109,COL1
RE,R-HSA-2399520,000109,COL1
RE,R-HSA-2399659,000274,Laminin_332
RE,R-HSA-2400006,000023,AKT
RE,R-HSA-2400013,000023,AKT
RE,R-HSA-2422450,000161,ERK
RE,R-HSA-2426131,000314,NFY
RE,R-HSA-2426276,000349,PDGF_BB
RE,R-HSA-2426371,000273,Laminin_111
RE,R-HSA-2428941,000109,COL1
RE,R-HSA-2445131,000264,IRS
RE,R-HSA-2445139,000264,IRS
RE,R-HSA-2457842,000323,p14_3_3
RE,R-HSA-2470478,000010,Activin
RE,R-HSA-2470478,000012,Activin_AB
RE,R-HSA-2470491,000010,Activin
RE,R-HSA-2470491,000012,Activin_AB
RE,R-HSA-2470494,000010,Activin
RE,R-HSA-2470494,000012,Activin_AB
RE,R-HSA-2530496,000172,FNT
RE,R-HSA-2533911,000274,Laminin_332
RE,R-HSA-264974,000164,EXOC
RE,R-HSA-2672035,000473,TN
RE,R-HSA-2681744,000473,TN
RE,R-HSA-2685653,000372,PLCG
RE,R-HSA-2685656,000409,RASGRP
RE,R-HSA-2990868,000101,Cholinesterase
RE,R-HSA-2993807,000392,Propionyl_CoA_carboxylase
RE,R-HSA-2993809,000392,Propionyl_CoA_carboxylase
RE,R-HSA-3132719,000163,ETS
RE,R-HSA-3132724,000163,ETS
RE,R-HSA-3200029,000163,ETS
RE,R-HSA-3238268,000497,Wnt
RE,R-HSA-3238374,000497,Wnt
RE,R-HSA-3247790,000497,Wnt
RE,R-HSA-3247824,000497,Wnt
RE,R-HSA-3247835,000497,Wnt
RE,R-HSA-3299546,000460,TCF_LEF
RE,R-HSA-3323122,000392,Propionyl_CoA_carboxylase
RE,R-HSA-3323155,000392,Propionyl_CoA_carboxylase
RE,R-HSA-3371429,000242,HSP90A
RE,R-HSA-349716,000306,NCOR
RE,R-HSA-3640819,000062,AXIN
RE,R-HSA-3640837,000101,Cholinesterase
RE,R-HSA-3640863,000062,AXIN
RE,R-HSA-3656389,000161,ERK
RE,R-HSA-374848,000215,G_q
RE,R-HSA-374848,000216,G_q_alpha
RE,R-HSA-376002,000003,ABL_family
RE,R-HSA-3772407,000145,DVL
RE,R-HSA-3772502,000062,AXIN
RE,R-HSA-378941,000219,hCG
RE,R-HSA-378947,000175,FSH
RE,R-HSA-378969,000276,LH
RE,R-HSA-380748,000349,PDGF_BB
RE,R-HSA-380751,000349,PDGF_BB
RE,R-HSA-380759,000348,PDGF_AB
RE,R-HSA-380759,000349,PDGF_BB
RE,R-HSA-380931,000031,AMPK
RE,R-HSA-380934,000031,AMPK
RE,R-HSA-380961,000031,AMPK
RE,R-HSA-381204,000314,NFY
RE,R-HSA-381844,000044,AMPK_alpha
RE,R-HSA-381845,000044,AMPK_alpha
RE,R-HSA-381851,000046,AMPK_gamma
RE,R-HSA-381854,000045,AMPK_beta
RE,R-HSA-381855,000482,TSC
RE,R-HSA-381926,000342,PDGF
RE,R-HSA-381930,000351,PDGF_DD
RE,R-HSA-381935,000349,PDGF_BB
RE,R-HSA-381936,000342,PDGF
RE,R-HSA-381938,000349,PDGF_BB
RE,R-HSA-381941,000350,PDGF_CC
RE,R-HSA-3858467,000145,DVL
RE,R-HSA-3858479,000145,DVL
RE,R-HSA-387074,000349,PDGF_BB
RE,R-HSA-388544,000149,EDN
RE,R-HSA-390455,000085,CCT_complex
RE,R-HSA-390474,000085,CCT_complex
RE,R-HSA-390532,000478,Troponin_C
RE,R-HSA-390541,000479,Troponin_I
RE,R-HSA-390546,000480,Troponin_T
RE,R-HSA-390583,000477,Troponin
RE,R-HSA-390585,000477,Troponin
RE,R-HSA-390587,000478,Troponin_C
RE,R-HSA-390643,000021,ADRB
RE,R-HSA-390664,000020,ADRA2
RE,R-HSA-390670,000021,ADRB
RE,R-HSA-390700,000020,ADRA2
RE,R-HSA-392712,000349,PDGF_BB
RE,R-HSA-399713,000191,GRIA
RE,R-HSA-399987,000215,G_q
RE,R-HSA-399987,000216,G_q_alpha
RE,R-HSA-399992,000215,G_q
RE,R-HSA-399992,000216,G_q_alpha
RE,R-HSA-400000,000215,G_q
RE,R-HSA-400000,000216,G_q_alpha
RE,R-HSA-400008,000215,G_q
RE,R-HSA-400008,000216,G_q_alpha
RE,R-HSA-400062,000211,G_gamma
RE,R-HSA-400093,000210,G_beta
RE,R-HSA-416323,000191,GRIA
RE,R-HSA-417004,000077,CAMK2_complex
RE,R-HSA-417004,000078,CAMK2_family
RE,R-HSA-418312,000430,SERCA
RE,R-HSA-418379,000391,PRKG
RE,R-HSA-418540,000340,PDE7
RE,R-HSA-418541,000341,PDE8
RE,R-HSA-418570,000207,G_12
RE,R-HSA-418570,000208,G_12_alpha
RE,R-HSA-418572,000207,G_12
RE,R-HSA-418572,000208,G_12_alpha
RE,R-HSA-419057,000419,ROCK
RE,R-HSA-419160,000414,RHO
RE,R-HSA-419161,000414,RHO
RE,R-HSA-419164,000414,RHO
RE,R-HSA-419294,000316,NOS
RE,R-HSA-419346,000427,S1PR
RE,R-HSA-419401,000427,S1PR
RE,R-HSA-419619,000242,HSP90A
RE,R-HSA-420516,000193,GRM
RE,R-HSA-420519,000193,GRM
RE,R-HSA-420974,000191,GRIA
RE,R-HSA-421001,000191,GRIA
RE,R-HSA-426070,000140,DGK
RE,R-HSA-427905,000430,SERCA
RE,R-HSA-428110,000374,PPAP2
RE,R-HSA-428475,000330,PAK
RE,R-HSA-429349,000259,INS
RE,R-HSA-429352,000259,INS
RE,R-HSA-429384,000259,INS
RE,R-HSA-429407,000259,INS
RE,R-HSA-429472,000259,INS
RE,R-HSA-429842,000153,EIF4A
RE,R-HSA-430172,000494,VAV
RE,R-HSA-432792,000077,CAMK2_complex
RE,R-HSA-432792,000078,CAMK2_family
RE,R-HSA-434632,000494,VAV
RE,R-HSA-442272,000494,VAV
RE,R-HSA-442295,000494,VAV
RE,R-HSA-442734,000408,RASGRF
RE,R-HSA-444796,000077,CAMK2_complex
RE,R-HSA-444796,000078,CAMK2_family
RE,R-HSA-445134,000333,Patched
RE,R-HSA-445374,000077,CAMK2_complex
RE,R-HSA-445374,000078,CAMK2_family
RE,R-HSA-445744,000252,IL1
RE,R-HSA-446847,000142,DNM
RE,R-HSA-446849,000329,P90RSK
RE,R-HSA-447102,000253,IL12
RE,R-HSA-448866,000285,MEF2
RE,R-HSA-448868,000285,MEF2
RE,R-HSA-450226,000267,JNK
RE,R-HSA-450253,000267,JNK
RE,R-HSA-450289,000267,JNK
RE,R-HSA-451402,000014,ACTN
RE,R-HSA-452094,000454,STAT5
RE,R-HSA-4551456,000391,PRKG
RE,R-HSA-4551462,000391,PRKG
RE,R-HSA-4641132,000062,AXIN
RE,R-HSA-4652685,000145,DVL
RE,R-HSA-4687776,000419,ROCK
RE,R-HSA-507919,000454,STAT5
RE,R-HSA-507929,000454,STAT5
RE,R-HSA-508012,000454,STAT5
RE,R-HSA-5082395,000242,HSP90A
RE,R-HSA-5082406,000243,HSP90AA
RE,R-HSA-5083623,000125,CSNK2
RE,R-HSA-5083624,000125,CSNK2
RE,R-HSA-5138439,000105,Clathrin
RE,R-HSA-5138447,000105,Clathrin
RE,R-HSA-517388,000177,FZD
RE,R-HSA-5218789,000494,VAV
RE,R-HSA-5262981,000250,IKK_complex
RE,R-HSA-5323539,000460,TCF_LEF
RE,R-HSA-5333713,000105,Clathrin
RE,R-HSA-5336141,000047,Annexin_II_heterotetramer
RE,R-HSA-5340329,000494,VAV
RE,R-HSA-5358286,000226,Hedgehog
RE,R-HSA-5358318,000226,Hedgehog
RE,R-HSA-5358332,000226,Hedgehog
RE,R-HSA-5362382,000226,Hedgehog
RE,R-HSA-5362391,000226,Hedgehog
RE,R-HSA-5610566,000390,PRKAR
RE,R-HSA-5610568,000390,PRKAR
RE,R-HSA-5610577,000017,ADCY
RE,R-HSA-5610578,000017,ADCY
RE,R-HSA-5618088,000242,HSP90A
RE,R-HSA-5623453,000164,EXOC
RE,R-HSA-5656056,000171,FLRT
RE,R-HSA-5658216,000407,RasGAP
RE,R-HSA-5658219,000449,SPRED
RE,R-HSA-5672337,000482,TSC
RE,R-HSA-5672686,000286,MEK
RE,R-HSA-5672705,000286,MEK
RE,R-HSA-5672708,000399,RAF
RE,R-HSA-5672716,000286,MEK
RE,R-HSA-5672721,000286,MEK
RE,R-HSA-5672726,000399,RAF
RE,R-HSA-5674134,000399,RAF
RE,R-HSA-5674136,000399,RAF
RE,R-HSA-5674338,000161,ERK
RE,R-HSA-5674340,000161,ERK
RE,R-HSA-5674341,000161,ERK
RE,R-HSA-5674489,000286,MEK
RE,R-HSA-5675361,000161,ERK
RE,R-HSA-5675363,000161,ERK
RE,R-HSA-5682664,000056,ATG4
RE,R-HSA-5693120,000064,BCKDC
RE,R-HSA-5696998,000131,Cyclin_A
RE,R-HSA-6783051,000131,Cyclin_A
RE,R-HSA-6792583,000064,BCKDC
RE,R-HSA-6793931,000276,LH
RE,R-HSA-6793934,000276,LH
RE,R-HSA-6798076,000327,p53_family
RE,R-HSA-6798078,000327,p53_family
RE,R-HSA-6802607,000404,RAS
RE,R-HSA-6802608,000404,RAS
RE,R-HSA-6805064,000125,CSNK2
RE,R-HSA-6805066,000104,CK2
RE,R-HSA-6805073,000125,CSNK2
RE,R-HSA-6805467,000031,AMPK
RE,R-HSA-6813837,000133,Cyclin_E
RE,R-HSA-6814207,000210,G_beta
RE,R-HSA-6814413,000210,G_beta
RE,R-HSA-6814694,000138,Desmoglein
RE,R-HSA-68373,000133,Cyclin_E
RE,R-HSA-68436,000411,RFC
RE,R-HSA-68450,000141,DNA_polymerase_delta
RE,R-HSA-68462,000421,RPA
RE,R-HSA-69261,000091,CDC25
RE,R-HSA-70019,000064,BCKDC
RE,R-HSA-70990,000502,ETC_complex_II
RE,R-HSA-71025,000392,Propionyl_CoA_carboxylase
RE,R-HSA-71026,000392,Propionyl_CoA_carboxylase
RE,R-HSA-72526,000152,EIF2B
RE,R-HSA-727820,000250,IKK_complex
RE,R-HSA-74674,000259,INS
RE,R-HSA-74688,000360,PI3K_p85
RE,R-HSA-749499,000215,G_q
RE,R-HSA-749499,000216,G_q_alpha
RE,R-HSA-75202,000131,Cyclin_A
RE,R-HSA-77385,000259,INS
RE,R-HSA-8847714,000138,Desmoglein
RE,R-HSA-8848649,000079,CAPN
RE,R-HSA-8848668,000079,CAPN
RE,R-HSA-8849894,000170,FLOT
RE,R-HSA-8850524,000210,G_beta
RE,R-HSA-8852568,000278,MAC
RE,R-HSA-8855211,000061,Augmin
RE,R-HSA-8861873,000324,P2RX
RE,R-HSA-8864040,000343,PDGFR
RE,R-HSA-8864040,000345,PDGFR_AB
RE,R-HSA-8864046,000346,PDGFR_BB
RE,R-HSA-8864283,000463,TFAP2
RE,R-HSA-8864286,000463,TFAP2
RE,R-HSA-8865622,000454,STAT5
RE,R-HSA-8866229,000022,ADRBK
RE,R-HSA-8868235,000142,DNM
RE,R-HSA-8868609,000142,DNM
RE,R-HSA-8870680,000169,Fibrinogen
RE,R-HSA-8936837,000232,HIF_beta
RE,R-HSA-8938866,000132,Cyclin_D
RE,R-HSA-8941923,000095,CDKN1
RE,R-HSA-8942604,000095,CDKN1
RE,R-HSA-8944354,000460,TCF_LEF
RE,R-HSA-8948131,000095,CDKN1
RE,R-HSA-8950122,000253,IL12
RE,R-HSA-8950228,000253,IL12
RE,R-HSA-8950694,000253,IL12
RE,R-HSA-8951427,000460,TCF_LEF
RE,R-HSA-909688,000246,IFNA
RE,R-HSA-936779,000057,ATP1A
RE,R-HSA-936820,000058,ATP1B
RE,R-HSA-976075,000148,E3_Ub_ligase
RE,R-HSA-996770,000184,GATA
SIGNOR,SIGNOR-PF1,000161,ERK
SIGNOR,SIGNOR-PF10,000145,DVL
SIGNOR,SIGNOR-PF11,000177,FZD
SIGNOR,SIGNOR-PF12,000311,NFkappaB
SIGNOR,SIGNOR-PF13,000330,PAK
SIGNOR,SIGNOR-PF14,000418,ROBO
SIGNOR,SIGNOR-PF15,000267,JNK
SIGNOR,SIGNOR-PF16,000326,p38
SIGNOR,SIGNOR-PF17,000389,PRKAC
SIGNOR,SIGNOR-PF18,000384,PPP3C
SIGNOR,SIGNOR-PF2,000277,LPAR
SIGNOR,SIGNOR-PF20,000472,TLR
SIGNOR,SIGNOR-PF21,000458,TAOK
SIGNOR,SIGNOR-PF22,000462,TEAD
SIGNOR,SIGNOR-PF23,000168,FGFR
SIGNOR,SIGNOR-PF24,000023,AKT
SIGNOR,SIGNOR-PF25,000286,MEK
SIGNOR,SIGNOR-PF26,000329,P90RSK
SIGNOR,SIGNOR-PF27,000174,FOXO
SIGNOR,SIGNOR-PF29,000445,SMURF
SIGNOR,SIGNOR-PF3,000211,G_gamma
SIGNOR,SIGNOR-PF30,000317,Notch
SIGNOR,SIGNOR-PF31,000435,SLRP
SIGNOR,SIGNOR-PF32,000451,SRC
SIGNOR,SIGNOR-PF33,000187,GPCR
SIGNOR,SIGNOR-PF34,000362,PIM
SIGNOR,SIGNOR-PF35,000442,SMAD1_5_9
SIGNOR,SIGNOR-PF4,000210,G_beta
SIGNOR,SIGNOR-PF5,000465,TGFB
SIGNOR,SIGNOR-PF6,000044,AMPK_alpha
SIGNOR,SIGNOR-PF7,000323,p14_3_3
SIGNOR,SIGNOR-PF8,000167,FGF
SIGNOR,SIGNOR-PF9,000068,BMP_receptor
