"AMPK (alpha 1, beta 1, gamma 1)",FPLX,000032,AMPK_A1B1G1
"AMPK (alpha 1, beta 1, gamma 2)",FPLX,000033,AMPK_A1B1G2
"AMPK (alpha 1, beta 1, gamma 3)",FPLX,000034,AMPK_A1B1G3
"AMPK (alpha 1, beta 2, gamma 1)",FPLX,000035,AMPK_A1B2G1
"AMPK (alpha 1, beta 2, gamma 2)",FPLX,000036,AMPK_A1B2G2
"AMPK (alpha 1, beta 2, gamma 3)",FPLX,000037,AMPK_A1B2G3
"AMPK (alpha 2, beta 1, gamma 1)",FPLX,000038,AMPK_A2B1G1
"AMPK (alpha 2, beta 1, gamma 2)",FPLX,000039,AMPK_A2B1G2
"AMPK (alpha 2, beta 1, gamma 3)",FPLX,000040,AMPK_A2B1G3
"AMPK (alpha 2, beta 2, gamma 1)",FPLX,000041,AMPK_A2B2G1
"AMPK (alpha 2, beta 2, gamma 2)",FPLX,000042,AMPK_A2B2G2
"AMPK (alpha 2, beta 2, gamma 3)",FPLX,000043,AMPK_A2B2G3
"AMPK (α 1, β 1, γ 1)",FPLX,000032,AMPK_A1B1G1
"AMPK (α 1, β 1, γ 2)",FPLX,000033,AMPK_A1B1G2
"AMPK (α 1, β 1, γ 3)",FPLX,000034,AMPK_A1B1G3
"AMPK (α 1, β 2, γ 1)",FPLX,000035,AMPK_A1B2G1
"AMPK (α 1, β 2, γ 2)",FPLX,000036,AMPK_A1B2G2
"AMPK (α 1, β 2, γ 3)",FPLX,000037,AMPK_A1B2G3
"AMPK (α 2, β 1, γ 1)",FPLX,000038,AMPK_A2B1G1
"AMPK (α 2, β 1, γ 2)",FPLX,000039,AMPK_A2B1G2
"AMPK (α 2, β 1, γ 3)",FPLX,000040,AMPK_A2B1G3
"AMPK (α 2, β 2, γ 1)",FPLX,000041,AMPK_A2B2G1
"AMPK (α 2, β 2, γ 2)",FPLX,000042,AMPK_A2B2G2
"AMPK (α 2, β 2, γ 3)",FPLX,000043,AMPK_A2B2G3
"Glutamate receptors, ionotropic, kainate",FPLX,000269,Kainate_family
"Na(+),K(+)-ATPase",FPLX,000303,Na_K_ATPase
"Na,K-ATPase beta subunit",FPLX,000058,ATP1B
"Na,K-ATPase β subunit",FPLX,000058,ATP1B
"Na,K-ATPase",FPLX,000303,Na_K_ATPase
(9-1-1) complex,FPLX,000001,9_1_1
14-3-3 proteins,FPLX,000323,p14_3_3
14-3-3,FPLX,000323,p14_3_3
14-3-3zeta,UP,P63104,1433Z_HUMAN
4E-BP1,UP,Q13541,4EBP1_HUMAN
4EBP,FPLX,000154,EIF4EBP
4EBP1,UP,Q13541,4EBP1_HUMAN
53BP1,UP,Q12888,TP53B_HUMAN
9-1-1 complex,FPLX,000001,9_1_1
9-1-1,FPLX,000001,9_1_1
a-adrenoreceptor,FPLX,000019,ADRA
a-cathenin,FPLX,000126,CTNNA
A2t,FPLX,000047,Annexin_II_heterotetramer
ABA,PUBCHEM,5280896,
ABA,CHEBI,CHEBI:2365,(+)-abscisic acid
Abeta,UP,P05067,A4_HUMAN
Abeta,CHEBI,CHEBI:64645,amyloid-beta
Abi1,UP,Q8IZP0,ABI1_HUMAN
ABL family,FPLX,000003,ABL_family
ABL,FPLX,000003,ABL_family
Abl,UP,P00519,ABL1_HUMAN
AC,MESH,D000230,Adenocarcinoma
AC,UP,Q08828,ADCY1_HUMAN
ACAD,FPLX,000004,ACAD
ACC,FPLX,000005,ACC
ACCs,FPLX,000005,ACC
Acetate-CoA ligase,FPLX,000006,Acetyl_CoA_synthetase
acetyl CoA ligase,FPLX,000006,Acetyl_CoA_synthetase
acetyl CoA synthase,FPLX,000006,Acetyl_CoA_synthetase
Acetyl Coenzyme A Carboxylase,FPLX,000005,ACC
Acetyl-CoA carboxylase,FPLX,000005,ACC
acetyl-CoA carboxylase,FPLX,000005,ACC
Acetyl-CoA synthetase,FPLX,000006,Acetyl_CoA_synthetase
acetyl-CoA synthetase,FPLX,000006,Acetyl_CoA_synthetase
acetyl-coenzyme A synthase,FPLX,000006,Acetyl_CoA_synthetase
acetylcholine receptor,FPLX,000102,CHRM
Ack1,UP,Q07912,ACK1_HUMAN
ACS,FPLX,000006,Acetyl_CoA_synthetase
Acsl,FPLX,000008,ACSL
actin filament,FPLX,000009,Actin
actin,FPLX,000009,Actin
actinin,FPLX,000014,ACTN
actins,FPLX,000009,Actin
Activin A protein,FPLX,000011,Activin_A
Activin A,FPLX,000011,Activin_A
activin A,FPLX,000011,Activin_A
activin AB,FPLX,000012,Activin_AB
activin protein,FPLX,000010,Activin
Activin,FPLX,000010,Activin
activin,FPLX,000010,Activin
activin-A,FPLX,000011,Activin_A
activin-B,FPLX,000013,Activin_B
activinA,FPLX,000011,Activin_A
activins,FPLX,000010,Activin
acyl CoA dehydrogenase,FPLX,000004,ACAD
acyl-CoA dehydrogenase,FPLX,000004,ACAD
Acyl-CoA Oxidase,FPLX,000007,ACOX
acyl-CoA oxidases,FPLX,000007,ACOX
Adaptor Protein 2 complex,FPLX,000015,Adaptor_protein_II
adaptor protein complex 2,FPLX,000015,Adaptor_protein_II
adaptor protein complex 3,FPLX,000016,Adaptor_protein_III
adenylate cyclase,FPLX,000017,ADCY
adenylyl cyclase,FPLX,000017,ADCY
adhesion,GO,GO:0007155,cell adhesion
adhesion,MESH,D002448,Cell Adhesion
adiponectin,UP,Q15848,ADIPO_HUMAN
ADP,CHEBI,CHEBI:16761,ADP
ADP,PUBCHEM,6022,
ADP ribosylation factor,FPLX,000053,ARF_GTPase_family
afatinib,PUBCHEM,10184653,
afatinib,LINCS,10133-101,
afatinib,CHEBI,CHEBI:61390,afatinib
AHR,UP,P35869,AHR_HUMAN
AICAR,PUBCHEM,65110,
AICAR,CHEBI,CHEBI:18406,AICA ribonucleotide
AKT family,FPLX,000023,AKT
AKT,FPLX,000023,AKT
Akt,FPLX,000023,AKT
AKT1,UP,P31749,AKT1_HUMAN
Akt1,UP,P31749,AKT1_HUMAN
AKT2,UP,P31751,AKT2_HUMAN
Akt2,UP,P31751,AKT2_HUMAN
alcohol dehydrogenase,FPLX,000018,ADH
alcohol,PUBCHEM,702,
alcohol,CHEBI,CHEBI:16236,ethanol
alcohol,HMDB,HMDB00108,
aldehyde dehydrogenase (NAD+),FPLX,000024,ALDH
Aldehyde dehydrogenase,FPLX,000024,ALDH
aldehyde dehydrogenase,FPLX,000024,ALDH
ALDH,FPLX,000024,ALDH
ALDO,FPLX,000025,ALDO
aldosterone,CHEBI,CHEBI:27584,aldosterone
aldosterone,PUBCHEM,5839,
ALG10,FPLX,000026,ALG10
ALIX,HGNC,8766,PDCD6IP
ALIX,UP,Q8WUM4,PDC6I_HUMAN
ALK,UP,Q9UM73,ALK_HUMAN
alkali myosin light chains,FPLX,000297,MYL_alkali
alpha adrenoceptor,FPLX,000019,ADRA
alpha catenin,FPLX,000126,CTNNA
alpha tubulin,FPLX,000483,TUBA
alpha(2)-adrenoceptors,FPLX,000020,ADRA2
alpha(2)-ARs,FPLX,000020,ADRA2
alpha-adrenergic receptor,FPLX,000019,ADRA
alpha-adrenoreceptor,FPLX,000019,ADRA
alpha-adrenoreceptors,FPLX,000019,ADRA
alpha-catenin,FPLX,000126,CTNNA
alpha1 adrenoceptor,FPLX,000019,ADRA
"Alpha-1,2-glucosyltransferase",FPLX,000026,ALG10
"Alpha-1,2-glucosyltransferases",FPLX,000026,ALG10
"alpha-1,2-glucosyltransferase",FPLX,000026,ALG10
"alpha-1,2-glucosyltransferases",FPLX,000026,ALG10
"Alpha-1,3-glucosyltransferase",FPLX,000029,ALG6_family
"Alpha-1,3-glucosyltransferases",FPLX,000029,ALG6_family
"alpha-1,3-glucosyltransferase",FPLX,000029,ALG6_family
"alpha-1,3-glucosyltransferases",FPLX,000029,ALG6_family
"Alpha-1,4-glucosyltransferase",FPLX,000029,ALG6_family
"Alpha-1,4-glucosyltransferases",FPLX,000029,ALG6_family
"alpha-1,4-glucosyltransferase",FPLX,000029,ALG6_family
"alpha-1,4-glucosyltransferases",FPLX,000029,ALG6_family
alpha1beta1gamma1,FPLX,000032,AMPK_A1B1G1
alpha1beta1gamma2,FPLX,000033,AMPK_A1B1G2
alpha1beta1gamma3,FPLX,000034,AMPK_A1B1G3
alpha1beta2gamma1,FPLX,000035,AMPK_A1B2G1
alpha1beta2gamma2,FPLX,000036,AMPK_A1B2G2
alpha2 adrenoceptor,FPLX,000020,ADRA2
alpha2-AR,FPLX,000020,ADRA2
alpha2beta1 integrin,FPLX,000261,Integrins
alpha2beta1gamma1,FPLX,000038,AMPK_A2B1G1
alpha2beta2gamma1,FPLX,000041,AMPK_A2B2G1
alpha2beta2gamma2,FPLX,000042,AMPK_A2B2G2
alpha2beta2gamma3,FPLX,000043,AMPK_A2B2G3
ALS,UP,P35858,ALS_HUMAN
AM,HGNC,259,ADM
AM,UP,P35318,ADML_HUMAN
AM,MESH,D000650,Amnion
AMG655,MESH,C554537,conatumumab
AMLC,FPLX,000297,MYL_alkali
AMP,HMDB,HMDB00045,
AMP,CHEBI,CHEBI:16027,adenosine 5'-monophosphate
AMP,PUBCHEM,6083,
AMPA glutamate receptor,FPLX,000191,GRIA
AMPA receptor,FPLX,000191,GRIA
AMPA-R,FPLX,000191,GRIA
AMPA-subtype ionotropic glutamate receptors,FPLX,000191,GRIA
AMPAR,FPLX,000191,GRIA
AMPARs,FPLX,000191,GRIA
AMPK (A1/B1/G1),FPLX,000032,AMPK_A1B1G1
AMPK (A1/B1/G2),FPLX,000033,AMPK_A1B1G2
AMPK (A1/B1/G3),FPLX,000034,AMPK_A1B1G3
AMPK (A1/B2/G1),FPLX,000035,AMPK_A1B2G1
AMPK (A1/B2/G2),FPLX,000036,AMPK_A1B2G2
AMPK (A1/B2/G3),FPLX,000037,AMPK_A1B2G3
AMPK (A2/B1/G1),FPLX,000038,AMPK_A2B1G1
AMPK (A2/B1/G2),FPLX,000039,AMPK_A2B1G2
AMPK (A2/B1/G3),FPLX,000040,AMPK_A2B1G3
AMPK (A2/B2/G1),FPLX,000041,AMPK_A2B2G1
AMPK (A2/B2/G2),FPLX,000042,AMPK_A2B2G2
AMPK (A2/B2/G3),FPLX,000043,AMPK_A2B2G3
AMPK a1b1g1,FPLX,000032,AMPK_A1B1G1
AMPK a1b1g2,FPLX,000033,AMPK_A1B1G2
AMPK a1b1g3,FPLX,000034,AMPK_A1B1G3
AMPK a1b2g1,FPLX,000035,AMPK_A1B2G1
AMPK a1b2g2,FPLX,000036,AMPK_A1B2G2
AMPK a2b1g1,FPLX,000038,AMPK_A2B1G1
AMPK a2b2g1,FPLX,000041,AMPK_A2B2G1
AMPK a2b2g2,FPLX,000042,AMPK_A2B2G2
AMPK a2b2g3,FPLX,000043,AMPK_A2B2G3
AMPK alpha1beta1gamma1,FPLX,000032,AMPK_A1B1G1
AMPK alpha1beta1gamma2,FPLX,000033,AMPK_A1B1G2
AMPK alpha1beta1gamma3,FPLX,000034,AMPK_A1B1G3
AMPK alpha1beta2gamma1,FPLX,000035,AMPK_A1B2G1
AMPK alpha1beta2gamma2,FPLX,000036,AMPK_A1B2G2
AMPK alpha1beta2gamma3,FPLX,000037,AMPK_A1B2G3
AMPK alpha2beta1gamma1,FPLX,000038,AMPK_A2B1G1
AMPK alpha2beta1gamma2,FPLX,000039,AMPK_A2B1G2
AMPK alpha2beta1gamma3,FPLX,000040,AMPK_A2B1G3
AMPK alpha2beta2gamma1,FPLX,000041,AMPK_A2B2G1
AMPK alpha2beta2gamma2,FPLX,000042,AMPK_A2B2G2
AMPK alpha2beta2gamma3,FPLX,000043,AMPK_A2B2G3
AMPK α1β1γ1,FPLX,000032,AMPK_A1B1G1
AMPK α1β1γ2,FPLX,000033,AMPK_A1B1G2
AMPK α1β1γ3,FPLX,000034,AMPK_A1B1G3
AMPK α1β2γ1,FPLX,000035,AMPK_A1B2G1
AMPK α1β2γ2,FPLX,000036,AMPK_A1B2G2
AMPK α1β2γ3,FPLX,000037,AMPK_A1B2G3
AMPK α2β1γ1,FPLX,000038,AMPK_A2B1G1
AMPK α2β1γ2,FPLX,000039,AMPK_A2B1G2
AMPK α2β1γ3,FPLX,000040,AMPK_A2B1G3
AMPK α2β2γ1,FPLX,000041,AMPK_A2B2G1
AMPK α2β2γ2,FPLX,000042,AMPK_A2B2G2
AMPK α2β2γ3,FPLX,000043,AMPK_A2B2G3
AMPK,FPLX,000031,AMPK
AMPK-alpha1,UP,Q13131,AAPK1_HUMAN
AMPK-alpha2,UP,P54646,AAPK2_HUMAN
AMPK-α1,UP,Q13131,AAPK1_HUMAN
AMPK-α2,UP,P54646,AAPK2_HUMAN
AMPKalpha,FPLX,000044,AMPK_alpha
AMPKalpha1 catalytic domain,UP,Q13131,AAPK1_HUMAN
AMPKalpha1,UP,Q13131,AAPK1_HUMAN
AMPKα,FPLX,000044,AMPK_alpha
AMPKα1 catalytic domain,UP,Q13131,AAPK1_HUMAN
AMPKα1,UP,Q13131,AAPK1_HUMAN
amyloid beta,UP,P05067,A4_HUMAN
amyloid beta,CHEBI,CHEBI:64645,amyloid-beta
amyloid β,UP,P05067,A4_HUMAN
amyloid β,CHEBI,CHEBI:64645,amyloid-beta
Ang II,UP,P01019,ANGT_HUMAN
AngII,UP,P01019,ANGT_HUMAN
angiogenesis,GO,GO:0001525,angiogenesis
angiogenesis,MESH,D018919,"Neovascularization, Physiologic"
annexin A2 heterotetramer,FPLX,000047,Annexin_II_heterotetramer
annexin II heterotetramer,FPLX,000047,Annexin_II_heterotetramer
ANXA2 heterotetramer,FPLX,000047,Annexin_II_heterotetramer
AP-1,FPLX,000048,AP1
AP-2 adaptor complex,FPLX,000015,Adaptor_protein_II
AP-2 complex,FPLX,000015,Adaptor_protein_II
AP-2 transcription factor,FPLX,000463,TFAP2
AP-2,FPLX,000015,Adaptor_protein_II
AP-3,FPLX,000016,Adaptor_protein_III
AP1,FPLX,000048,AP1
AP2 adaptor complex,FPLX,000015,Adaptor_protein_II
AP2 clathrin adaptor complex,FPLX,000015,Adaptor_protein_II
AP2 complex,FPLX,000015,Adaptor_protein_II
AP2,FPLX,000015,Adaptor_protein_II
AP3,FPLX,000016,Adaptor_protein_III
Apaf-1,UP,O14727,APAF_HUMAN
APC,UP,P25054,APC_HUMAN
APC/C,FPLX,000050,APC_C
apigenin,CHEBI,CHEBI:18388,apigenin
apigenin,PUBCHEM,5280443,
ApoA,FPLX,000051,APOA
apoA,FPLX,000051,APOA
apocynin,CHEBI,CHEBI:2781,apocynin
apocynin,PUBCHEM,2214,
apolipoprotein (a),FPLX,000051,APOA
apolipoprotein A,FPLX,000051,APOA
apolipoprotein(A),FPLX,000051,APOA
apolipoprotein(a),FPLX,000051,APOA
Apolipoprotein,FPLX,000052,Apolipoprotein
apolipoprotein,FPLX,000052,Apolipoprotein
apolipoproteins,FPLX,000052,Apolipoprotein
Apoptosis,GO,GO:0006915,apoptotic process
Apoptosis,MESH,D017209,Apoptosis
apoptosis,GO,GO:0006915,apoptotic process
apoptosis,MESH,D017209,Apoptosis
AR,UP,P10275,ANDR_HUMAN
ARF,FPLX,000053,ARF_GTPase_family
ARF,UP,Q8N726,ARF_HUMAN
Arf,UP,Q8N726,ARF_HUMAN
Arp2/3,FPLX,000054,Arp2_3_protein
Arsenic trioxide,CHEBI,CHEBI:30621,diarsenic trioxide
Arsenic trioxide,PUBCHEM,518605,
arsenic,PUBCHEM,5359596,
arsenic,CHEBI,CHEBI:27563,arsenic atom
arsenite,CHEBI,CHEBI:29866,arsenite(3-)
arsenite,PUBCHEM,544,
artemisinin,CHEBI,CHEBI:223316,(+)-artemisinin
artemisinin,PUBCHEM,68827,
ASK1,UP,Q99683,M3K5_HUMAN
aspirin,PUBCHEM,2244,
aspirin,CHEBI,CHEBI:15365,acetylsalicylic acid
ASPP1,UP,Q96KQ4,ASPP1_HUMAN
ASPP2,UP,Q13625,ASPP2_HUMAN
ATF2,UP,P15336,ATF2_HUMAN
ATG4,FPLX,000056,ATG4
Atg4,FPLX,000056,ATG4
ATM,UP,Q13315,ATM_HUMAN
ATP synthase H + transporting mitochondrial F0 complex subunit G,FPLX,000059,ATP5G
ATP synthase,FPLX,000060,ATP_synthase
ATP,HMDB,HMDB00538,
ATP,PUBCHEM,5957,
ATP,CHEBI,CHEBI:15422,ATP
ATP1A,FPLX,000057,ATP1A
ATP1B,FPLX,000058,ATP1B
ATPase Na+/K+ transporting subunit alpha,FPLX,000057,ATP1A
ATPase Na+/K+ transporting subunit beta,FPLX,000057,ATP1A
ATPase Na+/K+ transporting subunit α,FPLX,000057,ATP1A
ATPase Na+/K+ transporting subunit β,FPLX,000057,ATP1A
ATR,UP,Q13535,ATR_HUMAN
ATRA,CHEBI,CHEBI:15367,all-trans-retinoic acid
ATRA,PUBCHEM,444795,
autophagic cell death,GO,GO:0048102,autophagic cell death
Autophagy,GO,GO:0006914,autophagy
Autophagy,MESH,D001343,Autophagy
autophagy,GO,GO:0006914,autophagy
autophagy,MESH,D001343,Autophagy
Axin,FPLX,000062,AXIN
AZD6244,CHEBI,CHEBI:90227,selumetinib
AZD6244,PUBCHEM,10127622,
Aβ,UP,P05067,A4_HUMAN
Aβ,CHEBI,CHEBI:64645,amyloid-beta
B3GAT,FPLX,000063,B3GAT
b-adrenergic receptor,FPLX,000021,ADRB
b-arrestin,FPLX,000055,ARRB
B-Raf,UP,P15056,BRAF_HUMAN
b-receptors,FPLX,000021,ADRB
B1,UP,O43157,PLXB1_HUMAN
B1,UP,P14635,CCNB1_HUMAN
BAD,UP,Q92934,BAD_HUMAN
Bad,UP,Q92934,BAD_HUMAN
Bak,UP,Q16611,BAK_HUMAN
Bam32,UP,Q9UN19,DAPP1_HUMAN
BARK,FPLX,000022,ADRBK
barrestins,FPLX,000055,ARRB
BAX,UP,Q07812,BAX_HUMAN
Bax,UP,Q07812,BAX_HUMAN
BCKDC,FPLX,000064,BCKDC
BCKDH,FPLX,000064,BCKDC
BCL-2,UP,P10415,BCL2_HUMAN
Bcl-2,UP,P10415,BCL2_HUMAN
bcl-2,UP,P10415,BCL2_HUMAN
Bcl-3,HGNC,998,BCL3
Bcl-xL,UP,Q07817,B2CL1_HUMAN
BCL2,UP,P10415,BCL2_HUMAN
Bcl2,UP,P10415,BCL2_HUMAN
BCR,UP,P11274,BCR_HUMAN
Beclin-1,UP,Q14457,BECN1_HUMAN
berberine,CHEBI,CHEBI:16118,berberine
berberine,PUBCHEM,2353,
"Beta-1,3-glucuronyltransferase",FPLX,000063,B3GAT
"Beta-1,3-glucuronyltransferases",FPLX,000063,B3GAT
"beta-1,3-glucuronyltransferase",FPLX,000063,B3GAT
"beta-1,3-glucuronyltransferases",FPLX,000063,B3GAT
Beta 3-glycosyltransferase,FPLX,000065,Beta_3_4_GTF
Beta 3-glycosyltransferases,FPLX,000065,Beta_3_4_GTF
beta 3-glycosyltransferase,FPLX,000065,Beta_3_4_GTF
beta 3-glycosyltransferases,FPLX,000065,Beta_3_4_GTF
Beta 4-glycosyltransferase,FPLX,000065,Beta_3_4_GTF
Beta 4-glycosyltransferases,FPLX,000065,Beta_3_4_GTF
beta 4-glycosyltransferase,FPLX,000065,Beta_3_4_GTF
beta 4-glycosyltransferases,FPLX,000065,Beta_3_4_GTF
beta adrenergic receptor kinase,FPLX,000022,ADRBK
beta interferons,FPLX,000247,IFNB
Beta Tubulin,FPLX,000484,TUBB
Beta tubulin,FPLX,000484,TUBB
beta Tubulin,FPLX,000484,TUBB
beta tubulin,FPLX,000484,TUBB
beta-adrenergic receptor,FPLX,000021,ADRB
beta-adrenoreceptor,FPLX,000021,ADRB
beta-catenin,UP,P35222,CTNB1_HUMAN
beta-TrCP,UP,Q9Y297,FBW1A_HUMAN
Beta-Tubulin,FPLX,000484,TUBB
Beta-tubulin,FPLX,000484,TUBB
beta-Tubulin,FPLX,000484,TUBB
beta-tubulin,FPLX,000484,TUBB
betaAR,FPLX,000021,ADRB
betaARK,FPLX,000022,ADRBK
BEZ235,PUBCHEM,11977753,
BEZ235,CHEBI,CHEBI:71952,dactolisib
bFGF,UP,P09038,FGF2_HUMAN
Bid,UP,P55957,BID_HUMAN
BIM,UP,O43521,B2L11_HUMAN
Bim,UP,O43521,B2L11_HUMAN
biosynthesis,GO,GO:0009058,biosynthetic process
BIRs,FPLX,000066,BIRC
BITC,PUBCHEM,2346,
BITC,CHEBI,CHEBI:17484,benzyl isothiocyanate
BMF,UP,Q96LC9,BMF_HUMAN
BMI1,UP,P35226,BMI1_HUMAN
BMP Receptor Type I,FPLX,000069,BMP_receptor_type_I
BMP Receptor Type II,FPLX,000070,BMP_receptor_type_II
BMP type I receptor,FPLX,000069,BMP_receptor_type_I
BMP type II receptor,FPLX,000070,BMP_receptor_type_II
BMP,FPLX,000067,BMP
BMP9,UP,Q9UK05,GDF2_HUMAN
bone morphogenetic protein I receptor,FPLX,000069,BMP_receptor_type_I
bone morphogenetic protein receptor 1,FPLX,000069,BMP_receptor_type_I
bone morphogenetic protein receptor 2,FPLX,000070,BMP_receptor_type_II
bone morphogenetic protein receptor type I,FPLX,000069,BMP_receptor_type_I
bone morphogenetic protein receptor type II,FPLX,000070,BMP_receptor_type_II
bone morphogenetic protein type I receptors,FPLX,000069,BMP_receptor_type_I
bone morphogenetic protein type II receptors,FPLX,000070,BMP_receptor_type_II
bortezomib,CHEBI,CHEBI:52717,bortezomib
bortezomib,PUBCHEM,387447,
BPA,CHEBI,CHEBI:33216,bisphenol A
BPA,PUBCHEM,6623,
BRAF,UP,P15056,BRAF_HUMAN
branched-chain alpha-keto acid dehydrogenase complex,FPLX,000064,BCKDC
branched-chain alpha-ketoacid dehydrogenase complex,FPLX,000064,BCKDC
branched-chain α-keto acid dehydrogenase complex,FPLX,000064,BCKDC
branched-chain α-ketoacid dehydrogenase complex,FPLX,000064,BCKDC
BRCA,FPLX,000071,BRCA
BRCA1,UP,P38398,BRCA1_HUMAN
BRCA2,UP,P51587,BRCA2_HUMAN
BRI,FPLX,000069,BMP_receptor_type_I
BRII,FPLX,000070,BMP_receptor_type_II
BRSK1,UP,Q8TDC3,BRSK1_HUMAN
BRSK2,UP,Q8IWQ3,BRSK2_HUMAN
Bub1,UP,O43683,BUB1_HUMAN
BubR1,UP,O60566,BUB1B_HUMAN
butein,CHEBI,CHEBI:3237,butein
butein,PUBCHEM,5281222,
c-Abl Kinase,UP,P00519,ABL1_HUMAN
c-Abl,UP,P00519,ABL1_HUMAN
c-Cbl protein,UP,P22681,CBL_HUMAN
c-Cbl,UP,P22681,CBL_HUMAN
c-FLIP,UP,O15519,CFLAR_HUMAN
c-Fos,UP,P01100,FOS_HUMAN
c-fos,UP,P01100,FOS_HUMAN
c-JNK,FPLX,000267,JNK
c-Jun N-terminal kinase,FPLX,000267,JNK
c-Jun NH2-terminal kinase,FPLX,000267,JNK
c-Jun,UP,P05412,JUN_HUMAN
c-jun,UP,P05412,JUN_HUMAN
C-MAF,UP,O75444,MAF_HUMAN
c-MAF,UP,O75444,MAF_HUMAN
c-Maf,UP,O75444,MAF_HUMAN
c-maf,UP,O75444,MAF_HUMAN
c-MET,HGNC,7029,MET
c-met,HGNC,7029,MET
c-Met,UP,P08581,MET_HUMAN
c-Myb,UP,P10242,MYB_HUMAN
c-myc oncogene,UP,P01106,MYC_HUMAN
c-myc proteins,UP,P01106,MYC_HUMAN
c-MYC,UP,P01106,MYC_HUMAN
c-Myc,UP,P01106,MYC_HUMAN
c-myc,UP,P01106,MYC_HUMAN
C-PARP,UP,P09874,PARP1_HUMAN
c-Raf,UP,P04049,RAF1_HUMAN
c-Rel,HGNC,9954,REL
c-src,HGNC,11283,SRC
c-Src,UP,P12931,SRC_HUMAN
C/EBP,FPLX,000097,CEBP
C/EBPalpha,UP,P49715,CEBPA_HUMAN
C/EBPbeta,UP,P17676,CEBPB_HUMAN
C/EBPβ,UP,P17676,CEBPB_HUMAN
C/EBPα,UP,P49715,CEBPA_HUMAN
c1 complex,FPLX,000072,C1
C1,FPLX,000072,C1
C1-complex,FPLX,000072,C1
C1q,FPLX,000073,C1q
Ca(2+)-calmodulin-dependent protein kinase II,FPLX,000077,CAMK2_complex
Ca(2+)/calmodulin-dependent kinase II,FPLX,000077,CAMK2_complex
Ca,HMDB,HMDB00464,
Ca,CHEBI,CHEBI:29108,calcium(2+)
Ca,PUBCHEM,271,
cadherin,FPLX,000074,Cadherin
caffeine,PUBCHEM,2519,
caffeine,CHEBI,CHEBI:27732,caffeine
Calcineurin catalytic subunit,FPLX,000384,PPP3C
Calcineurin regulatory subunit,FPLX,000385,PPP3R
calcineurin,FPLX,000383,PPP3
calcium,HMDB,HMDB00464,
calcium,CHEBI,CHEBI:29108,calcium(2+)
calcium,PUBCHEM,271,
Calmodulin,FPLX,000075,CALM
calmodulin,FPLX,000075,CALM
calmodulindependent kinase II,FPLX,000078,CAMK2_family
calpain,FPLX,000079,CAPN
CaM kinase II,FPLX,000077,CAMK2_complex
CaM,FPLX,000075,CALM
CaMK family,FPLX,000076,CAMK
CaMK II,FPLX,000077,CAMK2_complex
CaMK,FPLX,000076,CAMK
CAMK2,FPLX,000078,CAMK2_family
CaMK2,FPLX,000078,CAMK2_family
CaMKII,FPLX,000077,CAMK2_complex
CAMKII,FPLX,000078,CAMK2_family
cAMP,PUBCHEM,6076,
cAMP,CHEBI,CHEBI:17489,"3',5'-cyclic AMP"
cAMP,HMDB,HMDB00058,
cAMP-dependent PK,FPLX,000363,PKA
cAMP-dependent protein kinase,FPLX,000363,PKA
CaN,FPLX,000383,PPP3
CAP23,UP,P80723,BASP1_HUMAN
CAPE,PUBCHEM,5281787,
CAPE,CHEBI,CHEBI:8062,phenethyl caffeate
capsaicin,PUBCHEM,1548943,
capsaicin,CHEBI,CHEBI:3374,capsaicin
carboxylesterase,FPLX,000080,Carboxylesterase
carboxylesterases,FPLX,000080,Carboxylesterase
CARP-1,UP,Q8IX12,CCAR1_HUMAN
Cas,UP,P56945,BCAR1_HUMAN
Casein kinase 1,FPLX,000124,CSNK1
casein kinase 1,FPLX,000124,CSNK1
casein kinase 2,FPLX,000104,CK2
casein kinase I,FPLX,000124,CSNK1
casein kinase II complex,FPLX,000104,CK2
casein kinase II,FPLX,000104,CK2
caspase 3,UP,P42574,CASP3_HUMAN
caspase 8,UP,Q14790,CASP8_HUMAN
caspase,FPLX,000081,Caspase
caspase-1,UP,P29466,CASP1_HUMAN
Caspase-3,UP,P42574,CASP3_HUMAN
caspase-3,UP,P42574,CASP3_HUMAN
caspase-3/7,FPLX,000082,Caspase_3_7
caspase-8,UP,Q14790,CASP8_HUMAN
caspase-9,UP,P55211,CASP9_HUMAN
caspases,FPLX,000081,Caspase
catalase,UP,P04040,CATA_HUMAN
catalytic subunit of calcineurin,FPLX,000384,PPP3C
catenin alpha,FPLX,000126,CTNNA
catenin α,FPLX,000126,CTNNA
Caveolin,FPLX,000083,CAV
caveolin,FPLX,000083,CAV
caveolin-1,UP,Q03135,CAV1_HUMAN
CBF3 complex,FPLX,000084,CBF3
CBF3,FPLX,000084,CBF3
Cbl,UP,P22681,CBL_HUMAN
Cbl-b,UP,Q13191,CBLB_HUMAN
CBP,UP,Q92793,CBP_HUMAN
Cby,UP,Q9Y3M2,CBY1_HUMAN
CCAAT/enhancer binding protein,FPLX,000097,CEBP
CCN2,UP,P29279,CTGF_HUMAN
CCND1,UP,P24385,CCND1_HUMAN
CCT complex,FPLX,000085,CCT_complex
CCT,FPLX,000085,CCT_complex
Cd,PUBCHEM,23973,
Cd,CHEBI,CHEBI:22977,cadmium atom
CD16,FPLX,000086,CD16
CD24,UP,P25063,CD24_HUMAN
CD28,UP,P10747,CD28_HUMAN
CD3,FPLX,000087,CD3
CD32,FPLX,000088,CD32
CD4,UP,P01730,CD4_HUMAN
CD44,UP,P16070,CD44_HUMAN
CD64,FPLX,000089,CD64
CD8,FPLX,000090,CD8
CD95,UP,P25445,TNR6_HUMAN
Cdc20,UP,Q12834,CDC20_HUMAN
CDC25 family,FPLX,000091,CDC25
Cdc25 phosphatases,FPLX,000091,CDC25
CDC25,FPLX,000091,CDC25
Cdc25,FPLX,000091,CDC25
CDC42,UP,P60953,CDC42_HUMAN
Cdc42,UP,P60953,CDC42_HUMAN
Cdc6,UP,Q99741,CDC6_HUMAN
CDDP,CHEBI,CHEBI:27899,cisplatin
CDDP,PUBCHEM,441203,
CDK,FPLX,000092,CDK
Cdk,FPLX,000092,CDK
CDK1,UP,P06493,CDK1_HUMAN
Cdk1,UP,P06493,CDK1_HUMAN
CDK2,UP,P24941,CDK2_HUMAN
Cdk2,UP,P24941,CDK2_HUMAN
cdk2,UP,P24941,CDK2_HUMAN
CDK4,UP,P11802,CDK4_HUMAN
Cdk4,UP,P11802,CDK4_HUMAN
CDK6,UP,Q00534,CDK6_HUMAN
CDK8,UP,P49336,CDK8_HUMAN
CDK9,UP,P50750,CDK9_HUMAN
CDKN,FPLX,000094,CDKN
CDKN1,FPLX,000095,CDKN1
CDKN1A,UP,P38936,CDN1A_HUMAN
CDKN2,FPLX,000096,CDKN2
CDKs,FPLX,000092,CDK
celecoxib,PUBCHEM,2662,
celecoxib,CHEBI,CHEBI:41423,celecoxib
cell adhesion,GO,GO:0007155,cell adhesion
cell adhesion,MESH,D002448,Cell Adhesion
cell cycle,GO,GO:0007049,cell cycle
cell cycle,MESH,D002453,Cell Cycle
cell death,GO,GO:0008219,cell death
cell death,MESH,D016923,Cell Death
cell growth,GO,GO:0016049,cell growth
cell growth,MESH,D048708,Cell Growth Processes
cell migration,GO,GO:0016477,cell migration
cell migration,MESH,D002465,Cell Movement
cell migration,NCIT,C26169,
cell motility,GO,GO:0016477,cell migration
cell motility,MESH,D002465,Cell Movement
cell motility,NCIT,C16404,
cell motility,GO,GO:0048870,cell motility
cell proliferation,GO,GO:0008283,cell population proliferation
cell proliferation,MESH,D049109,Cell Proliferation
cell survival,MESH,D002470,Cell Survival
cell viability,MESH,D002470,Cell Survival
cellular senescence,GO,GO:0090398,cellular senescence
cellular senescence,MESH,D016922,Cellular Senescence
ceramide,CHEBI,CHEBI:17761,ceramide
cetuximab,CHEMBL,1201577,
CFM-4,PUBCHEM,2871439,
chaperonin containing TCP-1,FPLX,000085,CCT_complex
chaperonin,FPLX,000085,CCT_complex
chaperonin-containing t-complex polypeptide 1,FPLX,000085,CCT_complex
chaperonin-containing TCP1 complex,FPLX,000085,CCT_complex
checkpoint kinase,FPLX,000098,CHEK
chemoattractant receptor,FPLX,000100,Chemokine_receptor
chemokine,FPLX,000099,Chemokine
chemokines,FPLX,000099,Chemokine
CHIP,UP,Q9UNE7,CHIP_HUMAN
CHK1,UP,O14757,CHK1_HUMAN
Chk1,UP,O14757,CHK1_HUMAN
CHK2,UP,O96017,CHK2_HUMAN
Chk2,UP,O96017,CHK2_HUMAN
cholesterol,CHEBI,CHEBI:16113,cholesterol
cholesterol,PUBCHEM,5997,
choline esterase,FPLX,000101,Cholinesterase
cholinesterase,FPLX,000101,Cholinesterase
CHOP,UP,P35638,DDIT3_HUMAN
CIP1,UP,P38936,CDN1A_HUMAN
CIP2A,UP,Q8TCG1,CIP2A_HUMAN
Cisplatin,CHEBI,CHEBI:27899,cisplatin
Cisplatin,PUBCHEM,441203,
cisplatin,CHEBI,CHEBI:27899,cisplatin
cisplatin,PUBCHEM,441203,
CK2,FPLX,000104,CK2
CKI,FPLX,000094,CDKN
Clade B serpin,FPLX,000431,SERPINB
clade B serpins,FPLX,000431,SERPINB
Class 1 NF-kappaBs,FPLX,000312,NFkappaB_1
class 1 NF-kappaBs,FPLX,000312,NFkappaB_1
Class 1 NF-κBs,FPLX,000312,NFkappaB_1
class 1 NF-κBs,FPLX,000312,NFkappaB_1
Class 2 NF-kappaBs,FPLX,000313,NFkappaB_2
class 2 NF-kappaBs,FPLX,000313,NFkappaB_2
Class 2 NF-κBs,FPLX,000313,NFkappaB_2
class 2 NF-κBs,FPLX,000313,NFkappaB_2
Class C GPCR,FPLX,000187,GPCR
Class I HDACs,FPLX,000221,HDAC_I
class I HDACs,FPLX,000221,HDAC_I
class I histone deacetylases,FPLX,000221,HDAC_I
Class I NF-kappaBs,FPLX,000312,NFkappaB_1
class I NF-kappaBs,FPLX,000312,NFkappaB_1
Class I NF-κBs,FPLX,000312,NFkappaB_1
class I NF-κBs,FPLX,000312,NFkappaB_1
class II HDACs,FPLX,000222,HDAC_II
class II histone deacetylases,FPLX,000222,HDAC_II
Class II NF-kappaBs,FPLX,000313,NFkappaB_2
class II NF-kappaBs,FPLX,000313,NFkappaB_2
Class II NF-κBs,FPLX,000313,NFkappaB_2
class II NF-κBs,FPLX,000313,NFkappaB_2
Class III HDACs,FPLX,000223,HDAC_III
class III HDACs,FPLX,000223,HDAC_III
class III histone deacetylases,FPLX,000223,HDAC_III
Class IV HDACs,FPLX,000224,HDAC_IV
class IV HDACs,FPLX,000224,HDAC_IV
class IV histone deacetylases,FPLX,000224,HDAC_IV
clathrin coat,FPLX,000105,Clathrin
clathrin,FPLX,000105,Clathrin
cleaved PARP,UP,P09874,PARP1_HUMAN
cMet receptor,UP,P08581,MET_HUMAN
CNKSR,FPLX,000106,CNKSR
CO 2,CHEBI,CHEBI:16526,carbon dioxide
CO 2,PUBCHEM,280,
CO,CHEBI,CHEBI:17245,carbon monoxide
CO,PUBCHEM,281,
cocaine,PUBCHEM,446220,
cocaine,CHEBI,CHEBI:27958,cocaine
cofilin,FPLX,000107,Cofilin
cohesin complex,FPLX,000108,Cohesin
cohesin,FPLX,000108,Cohesin
Col4,FPLX,000110,COL4
COLGALT,FPLX,000112,COLGALT
ColIV,FPLX,000110,COL4
Collagen beta(1-O)galactosyltransferase,FPLX,000112,COLGALT
Collagen beta(1-O)galactosyltransferases,FPLX,000112,COLGALT
collagen beta(1-O)galactosyltransferase,FPLX,000112,COLGALT
collagen beta(1-O)galactosyltransferases,FPLX,000112,COLGALT
collagen IV,FPLX,000110,COL4
collagen type I,FPLX,000109,COL1
Collagen Type IV,FPLX,000110,COL4
collagen type IV,FPLX,000110,COL4
collagen type V,FPLX,000111,COL5
collagen,MESH,D003094,Collagen
collagen,CHEBI,CHEBI:3815,Collagen
complex II,FPLX,000502,ETC_complex_II
complex III,FPLX,000503,ETC_complex_III
Complex IV,FPLX,000113,COX
connector enhancer of kinase suppressor of ras,FPLX,000106,CNKSR
copper,CHEBI,CHEBI:29036,copper(2+)
copper,PUBCHEM,27099,
cortactin,IP,IPR015503,
cortactin,UP,Q14247,SRC8_HUMAN
COX-2,UP,P35354,PGH2_HUMAN
Cox4,FPLX,000114,COX4
COX6A,FPLX,000115,COX6A
Cox6a,FPLX,000115,COX6A
Cox6b,FPLX,000116,COX6B
COX7A,FPLX,000117,COX7A
Cox7a,FPLX,000117,COX7A
Cox7b,FPLX,000118,COX7B
Cox8,FPLX,000119,COX8
cPARP,UP,P09874,PARP1_HUMAN
cPLA2,FPLX,000366,PLA2
CRAF,UP,P04049,RAF1_HUMAN
CREB family,FPLX,000120,CREB
CREB,FPLX,000120,CREB
CRISP,FPLX,000121,CRISP
CRISPs,FPLX,000121,CRISP
Crk,UP,P46108,CRK_HUMAN
CRSP complex,FPLX,000122,CRSP
CRSP,FPLX,000122,CRSP
CRSP/Med complex,FPLX,000122,CRSP
CsA,PUBCHEM,5284373,
CsA,CHEBI,CHEBI:4031,cyclosporin A
CSC,MESH,D014411,Neoplastic Stem Cells
CSF-1R,UP,P07333,CSF1R_HUMAN
CSNK1,FPLX,000124,CSNK1
CSNK2,FPLX,000125,CSNK2
CtIP,UP,Q99708,CTIP_HUMAN
cTnC,FPLX,000478,Troponin_C
cTnI,FPLX,000478,Troponin_C
cTnT,FPLX,000480,Troponin_T
cullin proteins,FPLX,000127,CUL
cullin,FPLX,000127,CUL
cullins,FPLX,000127,CUL
Curcumin,CHEBI,CHEBI:3962,curcumin
Curcumin,PUBCHEM,969516,
curcumin,CHEBI,CHEBI:3962,curcumin
curcumin,PUBCHEM,969516,
CXCL12,UP,P48061,SDF1_HUMAN
CXCL8,UP,P10145,IL8_HUMAN
CXCR2,UP,P25025,CXCR2_HUMAN
CXCR4,UP,P61073,CXCR4_HUMAN
cyclic AMP-dependent protein kinase,FPLX,000363,PKA
cyclic-AMP-dependent protein kinase,FPLX,000363,PKA
Cyclin A,FPLX,000131,Cyclin_A
cyclin A,FPLX,000131,Cyclin_A
Cyclin D,FPLX,000132,Cyclin_D
Cyclin D2,UP,P30279,CCND2_HUMAN
cyclin D2,UP,P30279,CCND2_HUMAN
cyclin dependent kinase inhibitors,FPLX,000094,CDKN
cyclin E,FPLX,000133,Cyclin_E
cyclin family,FPLX,000130,Cyclin
Cyclin,FPLX,000130,Cyclin
cyclin,FPLX,000130,Cyclin
Cyclin-A,FPLX,000131,Cyclin_A
cyclin-dependent kinase inhibitor,FPLX,000094,CDKN
cyclin-dependent protein kinase inhibitors,FPLX,000094,CDKN
cyclins,FPLX,000130,Cyclin
cyclophilin,FPLX,000134,Cyclophilin
cyclophilins,FPLX,000134,Cyclophilin
CYLD,UP,Q9NQC7,CYLD_HUMAN
cypermethrin,CHEBI,CHEBI:4042,cypermethrin
cypermethrin,PUBCHEM,2912,
cysteine rich secretory proteins,FPLX,000121,CRISP
cysteine-rich secretory proteins,FPLX,000121,CRISP
cytochrome bc1 complex,FPLX,000503,ETC_complex_III
Cytochrome c oxidase subunit 6a,FPLX,000115,COX6A
cytochrome c oxidase subunit VIII,FPLX,000119,COX8
cytochrome c oxidase,FPLX,000113,COX
cytochrome C,UP,P99999,CYC_HUMAN
cytochrome c,UP,P99999,CYC_HUMAN
cytokine production,GO,GO:0001816,cytokine production
cytoplasmic dynein,FPLX,000135,Cytoplasmic_dynein
cytosolic phospholipase A(2),FPLX,000366,PLA2
cytosolic phospholipase A2,FPLX,000366,PLA2
cytosolic PLA2,FPLX,000366,PLA2
DA,PUBCHEM,681,
DA,CHEBI,CHEBI:18243,dopamine
dabrafenib,PUBCHEM,44462760,
dabrafenib,CHEBI,CHEBI:75045,dabrafenib
DAG kinase,FPLX,000140,DGK
DAG,PUBCHEM,6026790,
DAG,CHEBI,CHEBI:85682,diacylglycerol 30:1
damage,MESH,D004249,DNA Damage
Danusertib,PUBCHEM,11442891,
Danusertib,CHEMBL,CHEMBL402548,
Danusertib,CHEBI,CHEBI:94490,"N-[5-[(2R)-2-methoxy-1-oxo-2-phenylethyl]-4,6-dihydro-1H-pyrrolo[3,4-c]pyrazol-3-yl]-4-(4-methyl-1-piperazinyl)benzamide"
danusertib,PUBCHEM,11442891,
danusertib,CHEMBL,CHEMBL402548,
danusertib,CHEBI,CHEBI:94490,"N-[5-[(2R)-2-methoxy-1-oxo-2-phenylethyl]-4,6-dihydro-1H-pyrrolo[3,4-c]pyrazol-3-yl]-4-(4-methyl-1-piperazinyl)benzamide"
dapagliflozin,CHEBI,CHEBI:85078,dapagliflozin
dapagliflozin,PUBCHEM,9887712,
dasatinib,CHEBI,CHEBI:49375,dasatinib (anhydrous)
dasatinib,PUBCHEM,3062316,
DDR,GO,GO:0042769,"DNA damage response, detection of DNA damage"
death receptor,FPLX,000137,Death_receptor
death receptors,FPLX,000137,Death_receptor
death,GO,GO:0008219,cell death
death,MESH,D016923,Cell Death
delta-tubulin,HGNC,16811,TUBD1
desmoglein,FPLX,000138,Desmoglein
desmogleins,FPLX,000138,Desmoglein
dexamethasone,PUBCHEM,5743,
dexamethasone,CHEBI,CHEBI:41879,dexamethasone
DGC,FPLX,000139,DGC
DGK,FPLX,000140,DGK
DHA,CHEBI,CHEBI:207229,dihydroartemisinin
DHA,PUBCHEM,6918483,
DHT,PUBCHEM,11302,
DHT,CHEBI,CHEBI:2150,5beta-dihydrotestosterone
diacyl glycerol kinase,FPLX,000140,DGK
diacylglycerol kinase,FPLX,000140,DGK
differentiation,GO,GO:0030154,cell differentiation
differentiation,MESH,D002454,Cell Differentiation
diosmetin,CHEBI,CHEBI:4630,diosmetin
diosmetin,PUBCHEM,5281612,
discoidin domain receptor family,FPLX,000136,DDR
discoidin domain receptors,FPLX,000136,DDR
discoidin domain-containing receptor,FPLX,000136,DDR
dishevelled,FPLX,000145,DVL
DNA polymerase delta,FPLX,000141,DNA_polymerase_delta
DNA polymerase δ,FPLX,000141,DNA_polymerase_delta
DNA repair,GO,GO:0006281,DNA repair
DNA repair,MESH,D004260,DNA Repair
DNA replication factor C complex,FPLX,000411,RFC
DNA replication factor C,FPLX,000411,RFC
DNA-PKcs,UP,P78527,PRKDC_HUMAN
DNA-Pkcs,UP,P78527,PRKDC_HUMAN
docetaxel,PUBCHEM,148124,
docetaxel,CHEBI,CHEBI:4672,docetaxel anhydrous
Dok1,UP,Q99704,DOK1_HUMAN
Dok2,UP,O60496,DOK2_HUMAN
dopamine receptor,FPLX,000143,DRD
dopamine receptors,FPLX,000143,DRD
dopamine,PUBCHEM,681,
dopamine,CHEBI,CHEBI:18243,dopamine
doxorubicin,CHEBI,CHEBI:28748,doxorubicin
doxorubicin,PUBCHEM,31703,
doxycycline,PUBCHEM,54671203,
doxycycline,CHEBI,CHEBI:50845,doxycycline
DP complex,FPLX,000464,TFDP
DR4,UP,O00220,TR10A_HUMAN
DR5,UP,O14763,TR10B_HUMAN
DSB,MESH,D053903,"DNA Breaks, Double-Stranded"
DUSP,FPLX,000144,DUSP
DUSP1,UP,P28562,DUS1_HUMAN
Dvl,FPLX,000145,DVL
dynamin family,FPLX,000142,DNM
dynamin,FPLX,000142,DNM
dystrophin glycoprotein complex,FPLX,000139,DGC
dystrophin glycoprotein,FPLX,000139,DGC
dystrophin-associated glycoprotein complex,FPLX,000139,DGC
dystrophin-glycoprotein complex,FPLX,000139,DGC
E-cadherin,UP,P12830,CADH1_HUMAN
E2 enzyme,FPLX,000489,UBE2
E2 ubiquitin-conjugating enzyme,FPLX,000489,UBE2
E2,FPLX,000489,UBE2
E2,UP,P27958,POLG_HCVH
E2F,FPLX,000147,E2F
E2F-1,UP,Q01094,E2F1_HUMAN
E2F1,UP,Q01094,E2F1_HUMAN
E3 ubiquitin ligase,FPLX,000148,E3_Ub_ligase
E3,FPLX,000148,E3_Ub_ligase
E6,UP,P03126,VE6_HPV16
E7,UP,P03129,VE7_HPV16
early growth response proteins,FPLX,000151,EGR
EBNA3C,UP,I1YP21,
ECM,GO,GO:0031012,extracellular matrix
Ect2,UP,Q9H8V3,ECT2_HUMAN
EGCG,PUBCHEM,65064,
EGCG,CHEBI,CHEBI:4806,(-)-epigallocatechin 3-gallate
EGF receptor,UP,P00533,EGFR_HUMAN
EGF,UP,P01133,EGF_HUMAN
EGFR ligand,FPLX,000150,EGFR_ligand
EGFR ligands,FPLX,000150,EGFR_ligand
EGFR,UP,P00533,EGFR_HUMAN
EGFRvIII,UP,P00533,EGFR_HUMAN
EGR,FPLX,000151,EGR
eIF2alpha,UP,P05198,IF2A_HUMAN
EIF2B,FPLX,000152,EIF2B
eIF2B,FPLX,000152,EIF2B
eIF2α,UP,P05198,IF2A_HUMAN
eIF4A,FPLX,000153,EIF4A
eIF4E,UP,P06730,IF4E_HUMAN
eIF4G,FPLX,000155,EIF4G
elastase,FPLX,000156,ELA
Elk-1,UP,P19419,ELK1_HUMAN
Elk1,UP,P19419,ELK1_HUMAN
ELMO1,UP,Q92556,ELMO1_HUMAN
ELR (+) CXC chemokines,FPLX,000129,CXCL_ELR_positive
ELR (-) CXC chemokines,FPLX,000128,CXCL_ELR_negative
ELR-negative CXC chemokine,FPLX,000128,CXCL_ELR_negative
ELR-negative CXC family,FPLX,000128,CXCL_ELR_negative
ELR-positive CXC chemokine,FPLX,000129,CXCL_ELR_positive
ELR-positive CXC family,FPLX,000129,CXCL_ELR_positive
embelin,CHEBI,CHEBI:4778,embelin
embelin,PUBCHEM,3218,
emodin,PUBCHEM,3220,
emodin,CHEBI,CHEBI:42223,emodin
EMT,GO,GO:0001837,epithelial to mesenchymal transition
EMT,MESH,D058750,Epithelial-Mesenchymal Transition
endocytosis,GO,GO:0006897,endocytosis
endocytosis,MESH,D004705,Endocytosis
endothelin,FPLX,000149,EDN
endothelins,FPLX,000149,EDN
enolase,FPLX,000157,ENO
eNOS,UP,P29474,NOS3_HUMAN
Env,UP,U3LIR9,
Eph receptor,FPLX,000158,Ephrin_receptor
Eph receptors,FPLX,000158,Ephrin_receptor
EphA2,UP,P29317,EPHA2_HUMAN
EphB1,UP,P54762,EPHB1_HUMAN
ephrin receptor,FPLX,000158,Ephrin_receptor
epidermal growth factor receptor,UP,P00533,EGFR_HUMAN
epidermal growth factor,UP,P01133,EGF_HUMAN
Eps8,UP,Q12929,EPS8_HUMAN
epsilon-tubulin,HGNC,20775,TUBE1
epsin,FPLX,000159,EPN
epsins,FPLX,000159,EPN
ER,FPLX,000162,ESR
ER,MESH,D004721,Endoplasmic Reticulum
ER,GO,GO:0005783,endoplasmic reticulum
ER,UP,P03372,ESR1_HUMAN
ERalpha,UP,P03372,ESR1_HUMAN
ErbB,FPLX,000160,ERBB
ERBB2,UP,P04626,ERBB2_HUMAN
ErbB2,UP,P04626,ERBB2_HUMAN
ErbB3,UP,P21860,ERBB3_HUMAN
ERK 1/2,FPLX,000161,ERK
ERK inhibitors,CHEBI,CHEBI:79091,EC 2.7.11.24 (mitogen-activated protein kinase) inhibitor
ERK MAPK,FPLX,000161,ERK
ERK mitogen-activated protein kinase,FPLX,000161,ERK
ERK,FPLX,000161,ERK
Erk,FPLX,000161,ERK
ERK-1/2,FPLX,000161,ERK
ERK1,UP,P27361,MK03_HUMAN
Erk1,UP,P27361,MK03_HUMAN
ERK1/2 MAPK,FPLX,000161,ERK
ERK1/2,FPLX,000161,ERK
Erk1/2,FPLX,000161,ERK
ERK2,UP,P28482,MK01_HUMAN
ERK5,UP,Q13164,MK07_HUMAN
ERKs,FPLX,000161,ERK
erlotinib,PUBCHEM,176870,
erlotinib,CHEBI,CHEBI:114785,erlotinib
ERα,UP,P03372,ESR1_HUMAN
ESR,FPLX,000162,ESR
estradiol,CHEBI,CHEBI:23965,estradiol
estradiol,PUBCHEM,9811784,
estrogen receptor,UP,P03372,ESR1_HUMAN
estrogen,CHEBI,CHEBI:50114,estrogen
ET-1,UP,P05305,EDN1_HUMAN
ethanol,PUBCHEM,702,
ethanol,CHEBI,CHEBI:16236,ethanol
ethanol,HMDB,HMDB00108,
etoposide,PUBCHEM,36462,
etoposide,CHEBI,CHEBI:4911,etoposide
ETS,FPLX,000163,ETS
ETS-1,UP,P14921,ETS1_HUMAN
Ets-1,UP,P14921,ETS1_HUMAN
ETS1,UP,P14921,ETS1_HUMAN
eukaryotic initiation factor 4E,UP,P06730,IF4E_HUMAN
eukaryotic initiation factor-4A,FPLX,000153,EIF4A
Everolimus,PUBCHEM,6442177,
Everolimus,CHEBI,CHEBI:68478,everolimus
everolimus,PUBCHEM,6442177,
everolimus,CHEBI,CHEBI:68478,everolimus
EXOC,FPLX,000164,EXOC
exocyst complex,FPLX,000164,EXOC
exocyst,FPLX,000164,EXOC
Exostosin glycosyltransferase family,FPLX,000165,EXT
exostosin glycosyltransferase family,FPLX,000165,EXT
EXT,FPLX,000165,EXT
Extracellular Signal Regulated Kinase,FPLX,000161,ERK
extracellular signal-regulated kinase,FPLX,000161,ERK
EZH2,UP,Q15910,EZH2_HUMAN
ezrin,UP,P15311,EZRI_HUMAN
F-actin,FPLX,000178,F_actin
FADD,UP,Q13158,FADD_HUMAN
FAK,UP,Q05397,FAK1_HUMAN
FAM83B,UP,Q5T0W9,FA83B_HUMAN
FANC proteins,FPLX,000166,FANC
FANC,FPLX,000166,FANC
FANCJ,UP,Q9BX63,FANCJ_HUMAN
farnesyltransferase,FPLX,000172,FNT
Fas,UP,P25445,TNR6_HUMAN
FasL,UP,P48023,TNFL6_HUMAN
FGF,FPLX,000167,FGF
FGF-2,UP,P09038,FGF2_HUMAN
FGF2,UP,P09038,FGF2_HUMAN
FGFR,FPLX,000168,FGFR
FGFR1,UP,P11362,FGFR1_HUMAN
FGFR2,UP,P21802,FGFR2_HUMAN
FGFR3,UP,P22607,FGFR3_HUMAN
FGFR4,UP,P22455,FGFR4_HUMAN
fibrinogen,FPLX,000169,Fibrinogen
fibronectin,UP,P02751,FINC_HUMAN
fisetin,CHEBI,CHEBI:42567,fisetin
fisetin,PUBCHEM,5281614,
Flip,UP,O15519,CFLAR_HUMAN
flotillin,FPLX,000170,FLOT
FLRT family,FPLX,000171,FLRT
Flrt family,FPLX,000171,FLRT
FLRT proteins,FPLX,000171,FLRT
FLT3,UP,P36888,FLT3_HUMAN
FN,UP,P02751,FINC_HUMAN
follicle-stimulating hormone,FPLX,000175,FSH
FOS,FPLX,000173,FOS_family
Fos,FPLX,000173,FOS_family
FOXM1,UP,Q08050,FOXM1_HUMAN
FOXO,FPLX,000174,FOXO
FoxO,FPLX,000174,FOXO
FOXO1,UP,Q12778,FOXO1_HUMAN
FoxO1,UP,Q12778,FOXO1_HUMAN
FOXO3,UP,O43524,FOXO3_HUMAN
FOXO3a,UP,O43524,FOXO3_HUMAN
FoxO3a,UP,O43524,FOXO3_HUMAN
FRK,UP,P42685,FRK_HUMAN
fructose-bisphosphate aldolase,FPLX,000025,ALDO
FSH,FPLX,000175,FSH
FTase,FPLX,000172,FNT
FTS,PUBCHEM,5469318,
Fucosyltransferase,FPLX,000176,FUT
Fucosyltransferases,FPLX,000176,FUT
fucosyltransferase,FPLX,000176,FUT
fucosyltransferases,FPLX,000176,FUT
FUT,FPLX,000176,FUT
Fyn,UP,P06241,FYN_HUMAN
Fz,FPLX,000177,FZD
FZD,FPLX,000177,FZD
G 1,GO,GO:0051318,G1 phase
G 1,MESH,D016193,G1 Phase
G 2,MESH,D016195,G2 Phase
G alphai,FPLX,000213,G_i_alpha
G alphaq,FPLX,000216,G_q_alpha
G alphaS,FPLX,000218,G_s_alpha
G protein beta,FPLX,000210,G_beta
G protein gamma subunit,FPLX,000211,G_gamma
G protein gamma,FPLX,000211,G_gamma
G protein Gs,FPLX,000217,G_s
G protein γ subunit,FPLX,000211,G_gamma
G protein β,FPLX,000210,G_beta
G protein γ,FPLX,000211,G_gamma
G protein(s),FPLX,000217,G_s
G protein,FPLX,000214,G_protein
G protein-coupled receptor kinases,FPLX,000192,GRK
G proteins,FPLX,000214,G_protein
G S protein,FPLX,000217,G_s
G αi,FPLX,000213,G_i_alpha
G αq,FPLX,000216,G_q_alpha
G αS,FPLX,000218,G_s_alpha
G(12),FPLX,000207,G_12
G(q/11),FPLX,000215,G_q
G-alpha(s),FPLX,000218,G_s_alpha
G-AlphaS,FPLX,000218,G_s_alpha
G-protein alpha-12,FPLX,000208,G_12_alpha
G-Protein alpha-i,FPLX,000213,G_i_alpha
G-Protein alpha-q,FPLX,000216,G_q_alpha
G-Protein alpha-s,FPLX,000218,G_s_alpha
G-protein beta,FPLX,000210,G_beta
G-protein β,FPLX,000210,G_beta
G-protein α-12,FPLX,000208,G_12_alpha
G-Protein α-i,FPLX,000213,G_i_alpha
G-Protein α-q,FPLX,000216,G_q_alpha
G-Protein α-s,FPLX,000218,G_s_alpha
G-α(s),FPLX,000218,G_s_alpha
G-αS,FPLX,000218,G_s_alpha
G12 family,FPLX,000207,G_12
G12 proteins,FPLX,000207,G_12
G12,FPLX,000207,G_12
GA,PUBCHEM,370,
GA,CHEBI,CHEBI:30778,gallic acid
Ga12,FPLX,000208,G_12_alpha
Gab1,UP,Q13480,GAB1_HUMAN
Gab2,UP,Q9UQC2,GAB2_HUMAN
GABA receptor,FPLX,000179,GABR
GABA receptors,FPLX,000179,GABR
GABA-A receptor,FPLX,000179,GABR
GALNT,FPLX,000180,GALNT
Galpha12,FPLX,000208,G_12_alpha
Galphai,FPLX,000213,G_i_alpha
Galphaq,FPLX,000216,G_q_alpha
GalphaS,FPLX,000218,G_s_alpha
gamma secretase,FPLX,000181,Gamma_secretase
Gamma tubulin,FPLX,000485,TUBG
gamma tubulin,FPLX,000485,TUBG
gamma-aminobutyric-acid A receptor,FPLX,000179,GABR
gamma-secretase,FPLX,000181,Gamma_secretase
gamma-tubulin,FPLX,000485,TUBG
GAP,FPLX,000182,GAP
Gas6 receptors,FPLX,000183,GAS6_receptor
gastrin,UP,P01350,GAST_HUMAN
GATA family,FPLX,000184,GATA
GATA,FPLX,000184,GATA
Gbeta,FPLX,000210,G_beta
GCNT,FPLX,000185,GCNT
GDF15,UP,Q99988,GDF15_HUMAN
GDP,HMDB,HMDB01201,
GDP,PUBCHEM,135398619,
GDP,CHEBI,CHEBI:17552,GDP
GEF,FPLX,000186,GEF
GEF-H1,UP,Q92974,ARHG2_HUMAN
gefitinib,PUBCHEM,123631,
gefitinib,CHEBI,CHEBI:49668,gefitinib
GEFs,FPLX,000186,GEF
general transcription factor II E,FPLX,000196,GTF2E
general transcription factor II F,FPLX,000197,GTF2F
genistein,CHEBI,CHEBI:28088,genistein
genistein,PUBCHEM,5280961,
Gi alpha subunit,FPLX,000213,G_i_alpha
Gi alpha,FPLX,000213,G_i_alpha
Gi protein,FPLX,000212,G_i
Gi α subunit,FPLX,000213,G_i_alpha
Gi α,FPLX,000213,G_i_alpha
Gi,FPLX,000212,G_i
GII PLA2,FPLX,000367,PLA2G2
GIIPLA2,FPLX,000367,PLA2G2
gIV-PLA(2),FPLX,000368,PLA2G4
glucose transporter,FPLX,000434,SLC2A
glucose transporters,FPLX,000434,SLC2A
Glucose,HMDB,HMDB00122,
glucose,HMDB,HMDB00122,
GLUT,FPLX,000434,SLC2A
glutamate metabotropic receptors,FPLX,000193,GRM
glutathione peroxidase,FPLX,000190,GPX
glutathione S-transferase,FPLX,000195,GST
glutathione,PUBCHEM,124886,
glutathione,CHEBI,CHEBI:16856,glutathione
glutathione,HMDB,HMDB00125,
Glycogen phosphorylase,FPLX,000396,PYG
Glycogen phosphorylases,FPLX,000396,PYG
glycogen phosphorylase,FPLX,000396,PYG
glycogen phosphorylases,FPLX,000396,PYG
glycogen synthase,FPLX,000206,GYS
glycolysis,GO,GO:0006096,glycolytic process
glycolysis,MESH,D006019,Glycolysis
glycoprotein Ib-V-IX complex,FPLX,000188,GPIb_IX_V
Glycoprotein Ib-V-IX,FPLX,000188,GPIb_IX_V
Glycoprotein Ib/V/IX,FPLX,000188,GPIb_IX_V
glycosylphosphatidylinositol transamidase complex,FPLX,000189,GPIT
Glycosyltransferase family 2,FPLX,000199,GTF_family_2
glycosyltransferase family 2,FPLX,000199,GTF_family_2
Glycosyltransferase family 29,FPLX,000202,GTF_family_29
glycosyltransferase family 29,FPLX,000202,GTF_family_29
Glycosyltransferase family 6,FPLX,000200,GTF_family_6
glycosyltransferase family 6,FPLX,000200,GTF_family_6
Glycosyltransferase family 8,FPLX,000201,GTF_family_8
glycosyltransferase family 8,FPLX,000201,GTF_family_8
Glycosyltransferase family 90,FPLX,000203,GTF_family_90
glycosyltransferase family 90,FPLX,000203,GTF_family_90
gp120,UP,P04578,ENV_HV1H2
gp47 phox,UP,P14598,NCF1_HUMAN
gp91 phox,UP,P04839,CY24B_HUMAN
GPCR kinases,FPLX,000192,GRK
GPCR,FPLX,000187,GPCR
GPCRs,FPLX,000187,GPCR
GPI transamidase complex,FPLX,000189,GPIT
GPIb-IX-V complex,FPLX,000188,GPIb_IX_V
GPIb-IX-V,FPLX,000188,GPIb_IX_V
GpIb-V-IX,FPLX,000188,GPIb_IX_V
GPIT complex,FPLX,000189,GPIT
GPIT,FPLX,000189,GPIT
Gq alpha subunit,FPLX,000216,G_q_alpha
Gq alpha,FPLX,000216,G_q_alpha
Gq α subunit,FPLX,000216,G_q_alpha
Gq α,FPLX,000216,G_q_alpha
Gq/11,FPLX,000215,G_q
GR,UP,P00390,GSHR_HUMAN
GRB2,UP,P62993,GRB2_HUMAN
Grb2,UP,P62993,GRB2_HUMAN
GRK,FPLX,000192,GRK
GRKs,FPLX,000192,GRK
group IV-PLA(2),FPLX,000368,PLA2G4
GRP78,UP,P11021,BIP_HUMAN
Gs alpha subunit,FPLX,000218,G_s_alpha
Gs alpha,FPLX,000218,G_s_alpha
Gs family,FPLX,000217,G_s
Gs protein,FPLX,000217,G_s
Gs α subunit,FPLX,000218,G_s_alpha
Gs α,FPLX,000218,G_s_alpha
GSH,PUBCHEM,124886,
GSH,CHEBI,CHEBI:16856,glutathione
GSH,HMDB,HMDB00125,
GSK-3,FPLX,000194,GSK3
GSK-3beta,UP,P49841,GSK3B_HUMAN
GSK-3β,UP,P49841,GSK3B_HUMAN
GSK3,FPLX,000194,GSK3
GSK3beta,UP,P49841,GSK3B_HUMAN
GSK3β,UP,P49841,GSK3B_HUMAN
GST,FPLX,000195,GST
GSTs,FPLX,000195,GST
GTP,HMDB,HMDB01273,
GTP,CHEBI,CHEBI:15996,GTP
GTP,PUBCHEM,135398633,
GTPase,FPLX,000204,GTPase
GTPase-activating proteins,FPLX,000182,GAP
guanine,PUBCHEM,135398634,
guanine,CHEBI,CHEBI:16235,guanine
guanylate cyclase,FPLX,000205,GUCY
guanylyl cyclase,FPLX,000205,GUCY
G_alpha,FPLX,000209,G_alpha
G_α,FPLX,000209,G_alpha
Gβ,FPLX,000210,G_beta
Gα12,FPLX,000208,G_12_alpha
Gαi,FPLX,000213,G_i_alpha
Gαq,FPLX,000216,G_q_alpha
GαS,FPLX,000218,G_s_alpha
H-Ras,UP,P01112,RASH_HUMAN
H/R,MESH,D015687,Cell Hypoxia
H2AX,UP,P16104,H2AX_HUMAN
H2B,FPLX,000236,Histone_H2B
H3,FPLX,000237,Histone_H3
h9-1-1 complex,FPLX,000001,9_1_1
haem oxygenase,FPLX,000240,HMOX
hAxin,FPLX,000062,AXIN
HB-EGF,UP,Q99075,HBEGF_HUMAN
HBx,UP,Q157B2,
hCG,FPLX,000219,hCG
HDAC inhibitor,CHEBI,CHEBI:61115,EC 3.5.1.98 (histone deacetylase) inhibitor
HDAC,FPLX,000220,HDAC
HDAC1,UP,Q13547,HDAC1_HUMAN
HDAC2,UP,Q92769,HDAC2_HUMAN
HDAC3,UP,O15379,HDAC3_HUMAN
HDACi,CHEBI,CHEBI:61115,EC 3.5.1.98 (histone deacetylase) inhibitor
HDL,FPLX,000225,HDL
HDM2,UP,Q00987,MDM2_HUMAN
Heat Shock Protein 70,FPLX,000244,HSPA
heat shock protein family B,FPLX,000245,HSPB
Hedgehog family,FPLX,000226,Hedgehog
hedgehog protein,FPLX,000226,Hedgehog
hedgehog signaling proteins,FPLX,000226,Hedgehog
Hedgehog,FPLX,000226,Hedgehog
heme oxygenase,FPLX,000240,HMOX
hemoglobin,FPLX,000227,Hemoglobin
HER-2,UP,P04626,ERBB2_HUMAN
HER2 receptor,UP,P04626,ERBB2_HUMAN
HER2,UP,P04626,ERBB2_HUMAN
HER3,UP,P21860,ERBB3_HUMAN
Hes gene family,FPLX,000228,HES
Hes genes,FPLX,000228,HES
HES,FPLX,000228,HES
Hes,FPLX,000228,HES
HG,HMDB,HMDB00122,
HGF,UP,P14210,HGF_HUMAN
Hic-5,UP,O43294,TGFI1_HUMAN
HIF,FPLX,000229,HIF
HIF-1,FPLX,000230,HIF1
HIF-1alpha protein,UP,Q16665,HIF1A_HUMAN
HIF-1alpha,UP,Q16665,HIF1A_HUMAN
HIF-1α protein,UP,Q16665,HIF1A_HUMAN
HIF-1α,UP,Q16665,HIF1A_HUMAN
HIF1alpha protein,UP,Q16665,HIF1A_HUMAN
HIF1alpha,UP,Q16665,HIF1A_HUMAN
HIF1α protein,UP,Q16665,HIF1A_HUMAN
HIF1α,UP,Q16665,HIF1A_HUMAN
HIFalpha,FPLX,000231,HIF_alpha
Hifalpha,FPLX,000231,HIF_alpha
HIFbeta,FPLX,000232,HIF_beta
Hifbeta,FPLX,000232,HIF_beta
HIFs,FPLX,000229,HIF
HIFα,FPLX,000231,HIF_alpha
Hifα,FPLX,000231,HIF_alpha
HIFβ,FPLX,000232,HIF_beta
Hifβ,FPLX,000232,HIF_beta
High-density lipoproteins,FPLX,000225,HDL
HIPK2,UP,Q9H2X6,HIPK2_HUMAN
Histone 2A,FPLX,000235,Histone_H2A
histone deacetylase,FPLX,000220,HDAC
histone deacetylases,FPLX,000220,HDAC
histone H1,FPLX,000234,Histone_H1
Histone H2A,FPLX,000235,Histone_H2A
histone H2A,FPLX,000235,Histone_H2A
histone H2B,FPLX,000236,Histone_H2B
histone H3,FPLX,000237,Histone_H3
histone H4,FPLX,000238,Histone_H4
Histone,FPLX,000233,Histone
histone,FPLX,000233,Histone
histone-3,FPLX,000237,Histone_H3
histones,FPLX,000233,Histone
HLA-DR,FPLX,000239,HLA_DR
HMGB1,UP,P09429,HMGB1_HUMAN
HO-1,UP,P09601,HMOX1_HUMAN
homeodomain iroquois proteins,FPLX,000265,IRX
HOTAIR,HGNC,33510,HOTAIR
HOTAIR,NONCODE,NONHSAT028507.2,
HOTAIR,LNCRNADB,HOTAIR,
HR,GO,GO:0000725,recombinational repair
HR,MESH,D059767,Recombinational DNA Repair
HRAS,UP,P01112,RASH_HUMAN
HRASV12,UP,P01112,RASH_HUMAN
HSF1,UP,Q00613,HSF1_HUMAN
HSP20,UP,O14558,HSPB6_HUMAN
HSP27,UP,P04792,HSPB1_HUMAN
HSP70,FPLX,000244,HSPA
Hsp70,FPLX,000244,HSPA
HSP90,FPLX,000241,HSP90
Hsp90,FPLX,000241,HSP90
HSP90A,FPLX,000242,HSP90A
HSP90AA,FPLX,000243,HSP90AA
HSPB proteins,FPLX,000245,HSPB
HSPB,FPLX,000245,HSPB
hTERT,UP,O14746,TERT_HUMAN
HuR,HGNC,3312,ELAVL1
HuR,UP,Q15717,ELAV1_HUMAN
hydrogen peroxide,PUBCHEM,784,
hydrogen peroxide,CHEBI,CHEBI:16240,hydrogen peroxide
hypoxia-inducible factors,FPLX,000229,HIF
I/R,MESH,D011839,"Radiation, Ionizing"
ICAM-1,UP,P05362,ICAM1_HUMAN
IER3,UP,P46695,IEX1_HUMAN
IFI16,UP,Q16666,IF16_HUMAN
IFN,FPLX,000262,Interferon
IFN-a,FPLX,000246,IFNA
IFN-alpha,FPLX,000246,IFNA
IFN-beta,FPLX,000247,IFNB
IFN-beta,UP,P01574,IFNB_HUMAN
IFN-gamma,UP,P01579,IFNG_HUMAN
IFN-α,FPLX,000246,IFNA
IFN-β,FPLX,000247,IFNB
IFN-β,UP,P01574,IFNB_HUMAN
IFN-γ,UP,P01579,IFNG_HUMAN
IFNalpha,FPLX,000246,IFNA
IFNgamma,UP,P01579,IFNG_HUMAN
IFNGR,FPLX,000263,Interferon_gamma_receptor
IFNα,FPLX,000246,IFNA
IFNγ,UP,P01579,IFNG_HUMAN
IGF-1,UP,P05019,IGF1_HUMAN
IGF-1R,UP,P08069,IGF1R_HUMAN
IGF-1Rbeta,UP,P08069,IGF1R_HUMAN
IGF-1Rβ,UP,P08069,IGF1R_HUMAN
IGF-BP,FPLX,000248,IGFBP
IGF-I,UP,P05019,IGF1_HUMAN
IGF-IR,UP,P08069,IGF1R_HUMAN
IGF1,UP,P05019,IGF1_HUMAN
IGF1R,UP,P08069,IGF1R_HUMAN
IGFBP,FPLX,000248,IGFBP
IGFBPs,FPLX,000248,IGFBP
IkappaB kinase,FPLX,000251,IKK_family
IkappaB,FPLX,000249,IKB
IkappaB-alpha,HGNC,7797,NFKBIA
IkappaBalpha,UP,P25963,IKBA_HUMAN
IKK complex,FPLX,000250,IKK_complex
IKK,FPLX,000251,IKK_family
IKKalpha,UP,O15111,IKKA_HUMAN
IKKbeta,UP,O14920,IKKB_HUMAN
IKKβ,UP,O14920,IKKB_HUMAN
IKKα,UP,O15111,IKKA_HUMAN
IL-1,FPLX,000252,IL1
IL-10,UP,P22301,IL10_HUMAN
IL-12,FPLX,000253,IL12
IL-15 receptor,FPLX,000254,IL15R
IL-15R,FPLX,000254,IL15R
IL-17,UP,Q16552,IL17_HUMAN
IL-18,UP,Q14116,IL18_HUMAN
IL-1beta,UP,P01584,IL1B_HUMAN
IL-1β,UP,P01584,IL1B_HUMAN
IL-2 receptor,FPLX,000255,IL2R
IL-2,UP,P60568,IL2_HUMAN
IL-2R,FPLX,000255,IL2R
IL-4,UP,P05112,IL4_HUMAN
IL-6,UP,P05231,IL6_HUMAN
IL-8,UP,P10145,IL8_HUMAN
IL1 family,FPLX,000252,IL1
IL12,FPLX,000253,IL12
imatinib,PUBCHEM,5291,
imatinib,LINCS,10023-103,
imatinib,CHEBI,CHEBI:45783,imatinib
immune response,GO,GO:0006955,immune response
infiltration,MESH,D009361,Neoplasm Invasiveness
inflammation,GO,GO:0006954,inflammatory response
inflammation,MESH,D007249,Inflammation
inflammatory response,GO,GO:0006954,inflammatory response
inflammatory response,MESH,0007249,
inhibin A,FPLX,000257,Inhibin_A
inhibin B,FPLX,000258,Inhibin_B
Inhibin,FPLX,000256,Inhibin
inhibin,FPLX,000256,Inhibin
inhibin-A,FPLX,000257,Inhibin_A
inhibin-a,FPLX,000257,Inhibin_A
inhibin-B,FPLX,000258,Inhibin_B
inhibin-b,FPLX,000258,Inhibin_B
initiation factor 4E binding proteins,FPLX,000154,EIF4EBP
iNOS,UP,P35228,NOS2_HUMAN
insulin family,FPLX,000259,INS
Insulin receptor family,FPLX,000260,INSR
insulin receptor family,FPLX,000260,INSR
insulin receptor substrate,FPLX,000264,IRS
insulin receptor,UP,P06213,INSR_HUMAN
insulin receptor/insulin-like growth factor receptor family,FPLX,000260,INSR
Insulin,UP,P01308,INS_HUMAN
insulin,UP,P01308,INS_HUMAN
insulin-like growth factor binding proteins,FPLX,000248,IGFBP
integrin,FPLX,000261,Integrins
integrins,FPLX,000261,Integrins
Interferon beta,FPLX,000247,IFNB
interferon beta,FPLX,000247,IFNB
interferon gamma receptor,FPLX,000263,Interferon_gamma_receptor
interferon γ receptor,FPLX,000263,Interferon_gamma_receptor
Interferon β,FPLX,000247,IFNB
interferon β,FPLX,000247,IFNB
interferon,FPLX,000262,Interferon
interferon-gamma receptor,FPLX,000263,Interferon_gamma_receptor
interferon-γ receptor,FPLX,000263,Interferon_gamma_receptor
invasion,MESH,D009361,Neoplasm Invasiveness
invasiveness,MESH,D009361,Neoplasm Invasiveness
IQGAP1,UP,P46940,IQGA1_HUMAN
IR,MESH,D011839,"Radiation, Ionizing"
IR,UP,P06213,INSR_HUMAN
IRF3,UP,Q14653,IRF3_HUMAN
iron,PUBCHEM,23925,
iron,CHEBI,CHEBI:18248,iron atom
Iroquois family,FPLX,000265,IRX
Iroquois proteins,FPLX,000265,IRX
Iroquois-class homeodomain proteins,FPLX,000265,IRX
IRS family,FPLX,000264,IRS
IRS,FPLX,000264,IRS
IRS-1,UP,P35568,IRS1_HUMAN
IRS-2,UP,Q9Y4H2,IRS2_HUMAN
IRS1,UP,P35568,IRS1_HUMAN
IRS2,UP,Q9Y4H2,IRS2_HUMAN
isoflurane,PUBCHEM,3763,
isoflurane,CHEBI,CHEBI:6015,isoflurane
IκB kinase,FPLX,000251,IKK_family
IκB,FPLX,000249,IKB
IκB-α,HGNC,7797,NFKBIA
IκBα,UP,P25963,IKBA_HUMAN
JAK,FPLX,000266,JAK
Jak,FPLX,000266,JAK
JAK2,UP,O60674,JAK2_HUMAN
JAKs,FPLX,000266,JAK
JNK MAPK,FPLX,000267,JNK
JNK,FPLX,000267,JNK
JNK1,UP,P45983,MK08_HUMAN
JNK1/2,FPLX,000267,JNK
JNKs,FPLX,000267,JNK
JQ1,PUBCHEM,46907787,
JQ1,CHEBI,CHEBI:95080,LSM-6332
JUN,FPLX,000268,JUN_family
K-Ras,UP,P01116,RASK_HUMAN
Kainate receptors,FPLX,000269,Kainate_family
kallikrein,FPLX,000271,KLK
kallikrein-related peptidases,FPLX,000271,KLK
KARs,FPLX,000269,Kainate_family
Keap1,UP,Q14145,KEAP1_HUMAN
kinetochore centromere binding factor 3,FPLX,000084,CBF3
kinetochore complex,FPLX,000270,Kinetochore
kinetochore,FPLX,000270,Kinetochore
kinetochores,FPLX,000270,Kinetochore
KLF5,UP,Q13887,KLF5_HUMAN
Klf5,UP,Q13887,KLF5_HUMAN
KLKs,FPLX,000271,KLK
KRAS,UP,P01116,RASK_HUMAN
Kras,UP,P01116,RASK_HUMAN
KSR,FPLX,000272,KSR
LA,CHEBI,CHEBI:30314,(R)-lipoic acid
LA,PUBCHEM,6112,
lactate,PUBCHEM,91435,
lactate,CHEBI,CHEBI:24996,lactate
laminin 332 chains,FPLX,000274,Laminin_332
laminin 332,FPLX,000274,Laminin_332
laminin-332 chains,FPLX,000274,Laminin_332
laminin-332,FPLX,000274,Laminin_332
Laminin-5,FPLX,000274,Laminin_332
laminin-5,FPLX,000274,Laminin_332
lapatinib,PUBCHEM,208908,
lapatinib,CHEBI,CHEBI:49603,lapatinib
LAT,UP,O43561,LAT_HUMAN
LC3,FPLX,000280,MAP1LC3
Lck,UP,P06239,LCK_HUMAN
LDH,FPLX,000275,LDH
lead,PUBCHEM,5352425,
lead,CHEBI,CHEBI:25016,lead atom
leptin,UP,P41159,LEP_HUMAN
LFA-1 (integrin),FPLX,000261,Integrins
LH,FPLX,000276,LH
LIF,UP,P15018,LIF_HUMAN
lipopolysaccharide,CHEBI,CHEBI:16412,lipopolysaccharide
lipopolysaccharide,MESH,D008070,Lipopolysaccharides
LKB1,UP,Q15831,STK11_HUMAN
LM-1,FPLX,000273,Laminin_111
LMP1,UP,P03230,LMP1_EBVB9
localization,GO,GO:0051179,localization
long-chain acyl-CoA synthetase,FPLX,000008,ACSL
LPA,UP,P08519,APOA_HUMAN
LPS,CHEBI,CHEBI:16412,lipopolysaccharide
LPS,MESH,D008070,Lipopolysaccharides
LRRK2,UP,Q5S007,LRRK2_HUMAN
Luteinizing hormone,FPLX,000276,LH
luteinizing hormone,FPLX,000276,LH
luteinizing-hormone,FPLX,000276,LH
luteolin,PUBCHEM,5280445,
luteolin,CHEBI,CHEBI:15864,luteolin
MA,PUBCHEM,10836,
MA,CHEBI,CHEBI:6809,methamphetamine
MA,PUBCHEM,73659,
MA,CHEBI,CHEBI:66682,maslinic acid
MA,UP,P04591,GAG_HV1H2
MAC,FPLX,000278,MAC
MAC-1 (integrin),FPLX,000261,Integrins
Mad2,UP,Q13257,MD2L1_HUMAN
Maf subfamily,FPLX,000279,MAF
MAF,FPLX,000279,MAF
Maf,FPLX,000279,MAF
maf,FPLX,000279,MAF
MAF,UP,O75444,MAF_HUMAN
Maf,UP,O75444,MAF_HUMAN
maf,UP,O75444,MAF_HUMAN
mammalian target of rapamycin,UP,P42345,MTOR_HUMAN
mangiferin,CHEBI,CHEBI:6682,mangiferin
mangiferin,PUBCHEM,5281647,
MAP kinase,FPLX,000283,MAPK
MAP kinases,FPLX,000283,MAPK
MAP2K1,UP,Q02750,MP2K1_HUMAN
MAP2K2,UP,P36507,MP2K2_HUMAN
MAP3K,FPLX,000282,MAP3K
MAP3K2,UP,Q9Y2U5,M3K2_HUMAN
MAPK kinase kinase,FPLX,000282,MAP3K
MAPK kinase,FPLX,000281,MAP2K
MAPK p38,FPLX,000326,p38
MAPK,FPLX,000161,ERK
MAPK1,UP,P28482,MK01_HUMAN
MAPK3,UP,P27361,MK03_HUMAN
MAPKK kinases,FPLX,000282,MAP3K
MAPKKK,FPLX,000282,MAP3K
MAPKs,FPLX,000283,MAPK
MAZ,UP,P56270,MAZ_HUMAN
Mcl-1,UP,Q07820,MCL1_HUMAN
MCM,FPLX,000284,MCM
MCP-1,UP,P0CW71,
MDM2,UP,Q00987,MDM2_HUMAN
Mdm2,UP,Q00987,MDM2_HUMAN
MDMX,UP,O15151,MDM4_HUMAN
Mdmx,UP,O15151,MDM4_HUMAN
MED14,UP,O60244,MED14_HUMAN
MED23,UP,Q9ULK4,MED23_HUMAN
MEF2 family,FPLX,000285,MEF2
MEF2,FPLX,000285,MEF2
MEF2C,UP,Q06413,MEF2C_HUMAN
MEK 1/2,FPLX,000286,MEK
MEK inhibitor,CHEBI,CHEBI:88286,EC 2.7.12.2 (mitogen-activated protein kinase kinase) inhibitor
MEK inhibitors,CHEBI,CHEBI:88286,EC 2.7.12.2 (mitogen-activated protein kinase kinase) inhibitor
MEK,FPLX,000286,MEK
MEK1,UP,Q02750,MP2K1_HUMAN
MEK1/2,FPLX,000286,MEK
melanin,PUBCHEM,6325610,
melanin,CHEBI,CHEBI:89634,Melanin
melatonin,CHEBI,CHEBI:16796,melatonin
melatonin,PUBCHEM,896,
membrane attack complex,FPLX,000278,MAC
membrane attack,FPLX,000278,MAC
MET,UP,P08581,MET_HUMAN
Met,UP,P08581,MET_HUMAN
metabolism,GO,GO:0008152,metabolic process
metabolism,MESH,D008660,Metabolism
metabotrophic glutamate receptor,FPLX,000193,GRM
metabotropic glutamate receptor,FPLX,000193,GRM
metastasis,MESH,D009362,Neoplasm Metastasis
Metformin,PUBCHEM,4091,
Metformin,CHEBI,CHEBI:6801,metformin
metformin,PUBCHEM,4091,
metformin,CHEBI,CHEBI:6801,metformin
Metallothionein,FPLX,000292,Metallothionein
metallothionein,FPLX,000292,Metallothionein
MG132,PUBCHEM,462382,
MG132,CHEBI,CHEBI:75142,N-benzyloxycarbonyl-L-leucyl-L-leucyl-L-leucinal
mGluRs,FPLX,000193,GRM
MIF,UP,P14174,MIF_HUMAN
mini-chromosome maintenance complex,FPLX,000284,MCM
minichromosome maintenance complex,FPLX,000284,MCM
minichromosome maintenance protein complex,FPLX,000284,MCM
miR-101,MESH,C534072,"MIRN101 microRNA, human"
miR-101,MIRBASE,MI0000103,hsa-mir-101-1
miR-101,HGNC,31488,MIR101-1
miR-145,MIRBASE,MI0000461,hsa-mir-145
miR-145,HGNC,31532,MIR145
miR-155,MIRBASE,MI0000681,hsa-mir-155
miR-155,HGNC,31542,MIR155
miR-21,MIRBASE,MI0000077,hsa-mir-21
miR-21,HGNC,31586,MIR21
miR-7,MIRBASE,MI0000263,hsa-mir-7-1
miR-7,HGNC,31638,MIR7-1
MITF,UP,O75030,MITF_HUMAN
mammalian mitochondrial ribosome,FPLX,000288,Mitochondrial_Ribosome
Mitochondrial ribosome,FPLX,000288,Mitochondrial_Ribosome
Mitochondrial Ribosome,FPLX,000288,Mitochondrial_Ribosome
mitochondrial ribosomes,FPLX,000288,Mitochondrial_Ribosome
Mitochondrial ribosomes,FPLX,000288,Mitochondrial_Ribosome
Mitochondrial Ribosomes,FPLX,000288,Mitochondrial_Ribosome
mitoribosome,FPLX,000288,Mitochondrial_Ribosome
Mitoribosome,FPLX,000288,Mitochondrial_Ribosome
55S mammalian mitochondrial ribosome,FPLX,000288,Mitochondrial_Ribosome
55S mitoribosome,FPLX,000288,Mitochondrial_Ribosome
55s mitoribosome,FPLX,000288,Mitochondrial_Ribosome
55S Mitoribosome,FPLX,000288,Mitochondrial_Ribosome
55s Mitoribosome,FPLX,000288,Mitochondrial_Ribosome
small mitoribosomal subunit,FPLX,000289,MRPS
Small Mitoribosomal Subunit,FPLX,000289,MRPS
small subunit of the mammalian mitochondrial ribosome,FPLX,000289,MRPS
mitochondrial ribosomal small subunit,FPLX,000289,MRPS
large mitoribosomal subunit,FPLX,000290,MRPL
Large Mitoribosomal Subunit,FPLX,000290,MRPL
large subunit of the mammalian mitochondrial ribosome,FPLX,000290,MRPL
MGAT,FPLX,000287,MGAT
mitochondrial ribosomal large subunit,FPLX,000290,MRPL
mitochondrial membrane potential,MESH,D053078,"Membrane Potential, Mitochondrial"
mitogen activated protein kinase,FPLX,000283,MAPK
mitogen activated protein kinases,FPLX,000283,MAPK
mitogen-activated protein kinase kinase,FPLX,000281,MAP2K
mitogen-activated protein kinase,FPLX,000283,MAPK
mitogen-activated protein kinases,FPLX,000283,MAPK
Miz1,UP,Q13105,ZBT17_HUMAN
MKK4,UP,P45985,MP2K4_HUMAN
MKP-1,UP,P28562,DUS1_HUMAN
MKP3,UP,Q16828,DUS6_HUMAN
MLC,FPLX,000296,MYL
MM,MESH,D009101,Multiple Myeloma
MMC,PUBCHEM,5746,
MMC,CHEBI,CHEBI:27504,mitomycin C
MMP,FPLX,000291,MMP
MMP-2,UP,P08253,MMP2_HUMAN
MMP-9,UP,P14780,MMP9_HUMAN
MMP9,UP,P14780,MMP9_HUMAN
MMPs,FPLX,000291,MMP
Mn,CHEBI,CHEBI:29035,manganese(2+)
Mn,PUBCHEM,27854,
MST1,UP,Q13043,STK4_HUMAN
MST2,UP,Q13188,STK3_HUMAN
MT,FPLX,000292,Metallothionein
mTOR inhibitor,CHEBI,CHEBI:68481,mTOR inhibitor
mTOR inhibitors,CHEBI,CHEBI:68481,mTOR inhibitor
mTOR,UP,P42345,MTOR_HUMAN
mTORC1,FPLX,000293,mTORC1
mTORC2,FPLX,000294,mTORC2
MTX,UP,Q13505,MTX1_HUMAN
Mu-A,PUBCHEM,375150,
MUC1,UP,P15941,MUC1_HUMAN
mutp53,UP,P04637,P53_HUMAN
MYC,UP,P01106,MYC_HUMAN
Myc,UP,P01106,MYC_HUMAN
MYCN,UP,P04198,MYCN_HUMAN
myosin alkali light chain proteins,FPLX,000297,MYL_alkali
myosin alkali light chain,FPLX,000297,MYL_alkali
myosin heavy chain genes,FPLX,000295,MYH
myosin heavy chain isoforms,FPLX,000295,MYH
myosin heavy chain protein,FPLX,000295,MYH
Myosin heavy chain,FPLX,000295,MYH
myosin heavy chain,FPLX,000295,MYH
Myosin heavy chains,FPLX,000295,MYH
myosin heavy chains,FPLX,000295,MYH
myosin light chain protein,FPLX,000296,MYL
myosin light chain,FPLX,000296,MYL
myosin light chains,FPLX,000296,MYL
MYPT1,UP,O14974,MYPT1_HUMAN
MYST family,FPLX,000300,MYST
MYST histone acetylase,FPLX,000300,MYST
MYST proteins,FPLX,000300,MYST
N-cadherin,UP,P19022,CADH2_HUMAN
N-myc downstream regulated gene family,FPLX,000307,NDRG
N-Myc,UP,P04198,MYCN_HUMAN
N-Ras,UP,P01111,RASN_HUMAN
Na+/K+-exchanging ATPase,FPLX,000303,Na_K_ATPase
Na+/K+ATPase,FPLX,000303,Na_K_ATPase
Na/K ATPase alpha,FPLX,000057,ATP1A
Na/K ATPase α,FPLX,000057,ATP1A
Na/K-ATPase,FPLX,000303,Na_K_ATPase
NAC,PUBCHEM,443227,
NAC,CHEBI,CHEBI:7421,NAC
nAChR,FPLX,000103,CHRN
NAD(P)H oxidase,FPLX,000302,NADPH_oxidase
NAD(P)H-oxidase,FPLX,000302,NADPH_oxidase
NADH dehydrogenase (ubiquinone),FPLX,000301,NADH_dehydrogenase
NADH dehydrogenase,FPLX,000301,NADH_dehydrogenase
NADPH oxidase,FPLX,000302,NADPH_oxidase
NADPH,PUBCHEM,5884,
NADPH,CHEBI,CHEBI:16474,NADPH
NADPH,HMDB,HMDB00221,
naked cuticle,FPLX,000315,NKD
NAP,UP,P80723,BASP1_HUMAN
Natriuretic Peptide,FPLX,000304,Natriuretic_peptide
Natriuretic peptide,FPLX,000304,Natriuretic_peptide
natriuretic peptide,FPLX,000304,Natriuretic_peptide
Natriuretic Peptides,FPLX,000304,Natriuretic_peptide
Natriuretic peptides,FPLX,000304,Natriuretic_peptide
natriuretic peptides,FPLX,000304,Natriuretic_peptide
NDR family,FPLX,000307,NDRG
NDR-family,FPLX,000307,NDRG
NDRG2,UP,Q9UN36,NDRG2_HUMAN
necroptosis,GO,GO:0070266,necroptotic process
necrosis,GO,GO:0070265,necrotic cell death
necrosis,MESH,D009336,Necrosis
Nef,UP,P03406,NEF_HV1BR
NEMO,UP,Q9Y6K9,NEMO_HUMAN
neovascularization,GO,GO:0001525,angiogenesis
neovascularization,MESH,D018919,"Neovascularization, Physiologic"
Net1,UP,Q7Z628,ARHG8_HUMAN
neuregulin family,FPLX,000318,NRG
Neuregulin,FPLX,000318,NRG
neuregulin,FPLX,000318,NRG
Neuregulins,FPLX,000318,NRG
neuregulins,FPLX,000318,NRG
Neurexins,FPLX,000308,Neurexins
NF-E2,FPLX,000310,NFE
NF-E2-related factor,FPLX,000310,NFE
NF-kappaB Class 1,FPLX,000312,NFkappaB_1
NF-kappaB class 1,FPLX,000312,NFkappaB_1
NF-kappaB Class 2,FPLX,000313,NFkappaB_2
NF-kappaB class 2,FPLX,000313,NFkappaB_2
NF-kappaB Class I,FPLX,000312,NFkappaB_1
NF-kappaB class I,FPLX,000312,NFkappaB_1
NF-kappaB Class II,FPLX,000313,NFkappaB_2
NF-kappaB class II,FPLX,000313,NFkappaB_2
NF-kappaB complexes,FPLX,000311,NFkappaB
NF-kappaB dimers,FPLX,000311,NFkappaB
NF-kappaB Factors,FPLX,000311,NFkappaB
NF-kappaB factors,FPLX,000311,NFkappaB
NF-kappaB genes,FPLX,000311,NFkappaB
NF-kappaB p50,HGNC,7794,NFKB1
NF-kappaB p65,HGNC,9955,RELA
NF-kappaB p65,UP,Q04206,TF65_HUMAN
NF-kappaB subunits,FPLX,000311,NFkappaB
NF-kappaB TFs,FPLX,000311,NFkappaB
NF-kappaB,FPLX,000311,NFkappaB
NF-kappaB1,HGNC,7794,NFKB1
NF-kappaB2,HGNC,7795,NFKB2
NF-kappabeta,FPLX,000311,NFkappaB
NF-kappaBp50,HGNC,7794,NFKB1
NF-kappaBp65,HGNC,9955,RELA
NF-kappaBs,FPLX,000311,NFkappaB
NF-kB,FPLX,000311,NFkappaB
NF-Y,FPLX,000314,NFY
NF-κB Class 1,FPLX,000312,NFkappaB_1
NF-κB class 1,FPLX,000312,NFkappaB_1
NF-κB Class 2,FPLX,000313,NFkappaB_2
NF-κB class 2,FPLX,000313,NFkappaB_2
NF-κB Class I,FPLX,000312,NFkappaB_1
NF-κB class I,FPLX,000312,NFkappaB_1
NF-κB Class II,FPLX,000313,NFkappaB_2
NF-κB class II,FPLX,000313,NFkappaB_2
NF-κB complexes,FPLX,000311,NFkappaB
NF-κB dimers,FPLX,000311,NFkappaB
NF-κB Factors,FPLX,000311,NFkappaB
NF-κB factors,FPLX,000311,NFkappaB
NF-κB genes,FPLX,000311,NFkappaB
NF-κB p50,HGNC,7794,NFKB1
NF-κB p65,HGNC,9955,RELA
NF-κB p65,UP,Q04206,TF65_HUMAN
NF-κB subunits,FPLX,000311,NFkappaB
NF-κB TFs,FPLX,000311,NFkappaB
NF-κB,FPLX,000311,NFkappaB
NF-κB1,HGNC,7794,NFKB1
NF-κB2,HGNC,7795,NFKB2
NF-κBp50,HGNC,7794,NFKB1
NF-κBp65,HGNC,9955,RELA
NF-κBs,FPLX,000311,NFkappaB
NF-κβ,FPLX,000311,NFkappaB
NFAT,FPLX,000309,NFAT
NFkappaB complexes,FPLX,000311,NFkappaB
NFkappaB p50,HGNC,7794,NFKB1
NFkappaB p65,HGNC,9955,RELA
NFkappaB,FPLX,000311,NFkappaB
NFkappaBp65,HGNC,9955,RELA
NFY,FPLX,000314,NFY
NFκB complexes,FPLX,000311,NFkappaB
NFκB p50,HGNC,7794,NFKB1
NFκB p65,HGNC,9955,RELA
NFκB,FPLX,000311,NFkappaB
NFκBp65,HGNC,9955,RELA
NGF,UP,P01138,NGF_HUMAN
nicotine class acetylcholine receptors,FPLX,000103,CHRN
nicotinic acetylcholine receptor,FPLX,000103,CHRN
nitric oxide,PUBCHEM,145068,
nitric oxide,CHEBI,CHEBI:16480,nitric oxide
nmMLCK,UP,Q15746-1,MYLK_HUMAN
nmMLCK1,UP,Q15746-1,MYLK_HUMAN
NO,HMDB,HMDB03378,
NO,CHEBI,CHEBI:16480,nitric oxide
NO,PUBCHEM,145068,
non-ELR-CXC chemokines,FPLX,000128,CXCL_ELR_negative
NOS,FPLX,000316,NOS
Notch,FPLX,000317,Notch
Notch1,UP,P46531,NOTC1_HUMAN
NOX1,UP,Q9Y5S8,NOX1_HUMAN
NOX2,UP,P04839,CY24B_HUMAN
NOX3,UP,Q9HBY0,NOX3_HUMAN
NOX4,UP,Q9NPH5,NOX4_HUMAN
Noxa,UP,Q13794,APR_HUMAN
NPM,UP,P06748,NPM_HUMAN
NRAS,UP,P01111,RASN_HUMAN
NRF2,UP,Q16236,NF2L2_HUMAN
Nrf2,UP,Q16236,NF2L2_HUMAN
NRG1,UP,Q02297,NRG1_HUMAN
NRG1-NRG2,FPLX,000319,NRG_1_2
NRG1/2,FPLX,000319,NRG_1_2
NRG3-NRG4,FPLX,000320,NRG_3_4
NRG3/4,FPLX,000320,NRG_3_4
NRGs,FPLX,000318,NRG
NRXN,FPLX,000308,Neurexins
NTF3,UP,P20783,NTF3_HUMAN
NTRK,FPLX,000321,NTRK
NTRKs,FPLX,000321,NTRK
Nuclear factor erythroid 2-related factor,FPLX,000310,NFE
nuclear factor Y,FPLX,000314,NFY
nuclear factor-Y,FPLX,000314,NFY
Nuclear Receptor Co-Repressor,FPLX,000306,NCOR
nuclear receptor co-repressor,FPLX,000306,NCOR
Nuclear receptor corepressor,FPLX,000306,NCOR
nuclear receptor corepressor,FPLX,000306,NCOR
Nutlin-3,PUBCHEM,16755649,
Nutlin-3,CHEBI,CHEBI:46742,Nutlin-3
NVP-BEZ235,PUBCHEM,11977753,
NVP-BEZ235,LINCS,10232-101,
NVP-BEZ235,CHEBI,CHEBI:71952,dactolisib
NVP-LDE-225,PUBCHEM,24775005,
NVP-LDE-225,CHEBI,CHEBI:90863,sonidegib
OA,CHEBI,CHEBI:37659,oleanolic acid
OA,PUBCHEM,10494,
OA,CHEBI,CHEBI:44658,okadaic acid
OA,PUBCHEM,446512,
ofalpha(2)-adrenoceptor,FPLX,000020,ADRA2
ofα(2)-adrenoceptor,FPLX,000020,ADRA2
OPG,UP,O00300,TR11B_HUMAN
OPN,UP,P10451,OSTP_HUMAN
ov-serpins,FPLX,000431,SERPINB
oxaliplatin,CHEBI,CHEBI:31941,oxaliplatin
oxaliplatin,PUBCHEM,6857599,
oxygen,HMDB,HMDB01377,
oxygen,CHEBI,CHEBI:15379,dioxygen
oxygen,PUBCHEM,977,
P-REX1,UP,Q8TCU6,PREX1_HUMAN
p100,HGNC,7795,NFKB2
p105,HGNC,7794,NFKB1
p110,FPLX,000359,PI3K_p110
p110alpha,UP,P42336,PK3CA_HUMAN
p110beta,UP,P42338,PK3CB_HUMAN
p110α,UP,P42336,PK3CA_HUMAN
p110β,UP,P42338,PK3CB_HUMAN
p120,UP,O60716,CTND1_HUMAN
p130,UP,P56945,BCAR1_HUMAN
p16,UP,P42771,CDN2A_HUMAN
p160/SRC,FPLX,000305,NCOA
p21 Cip1,UP,P38936,CDN1A_HUMAN
p21 WAF1,UP,P38936,CDN1A_HUMAN
p21,UP,P38936,CDN1A_HUMAN
p22 phox,UP,P13498,CY24A_HUMAN
p27 Kip1,UP,P46527,CDN1B_HUMAN
p27,UP,P46527,CDN1B_HUMAN
P2X purinoreceptor,FPLX,000324,P2RX
P2X purinoreceptors,FPLX,000324,P2RX
P2X receptor,FPLX,000324,P2RX
P2X receptors,FPLX,000324,P2RX
P2X,FPLX,000324,P2RX
P2Y receptor,FPLX,000325,P2RY
p300,UP,Q09472,EP300_HUMAN
P38 MAPK,FPLX,000326,p38
p38 MAPK,FPLX,000326,p38
p38 MAPKs,FPLX,000326,p38
p38,FPLX,000326,p38
p38-MAPK,FPLX,000326,p38
p38MAPK,FPLX,000326,p38
p40 phox,UP,Q15080,NCF4_HUMAN
p42,UP,P28482,MK01_HUMAN
p42,UP,Q9UQ80,PA2G4_HUMAN
p47 phox,UP,P14598,NCF1_HUMAN
p50,UP,P19838,NFKB1_HUMAN
p52,HGNC,7795,NFKB2
P53 family,FPLX,000327,p53_family
p53 Family,FPLX,000327,p53_family
p53 family,FPLX,000327,p53_family
P53,UP,P04637,P53_HUMAN
p53,UP,P04637,P53_HUMAN
p53/p63/p73 family,FPLX,000327,p53_family
p62,UP,Q13501,SQSTM_HUMAN
p63,UP,Q9H3D4,P63_HUMAN
p65,UP,Q04206,TF65_HUMAN
p66Shc,UP,P29353-1,SHC1_HUMAN
p67 phox,UP,P19878,NCF2_HUMAN
p70 S6 kinase,FPLX,000328,P70S6K
p70,UP,P23443,KS6B1_HUMAN
P70RSK,FPLX,000328,P70S6K
p70RSK,FPLX,000328,P70S6K
p70S6 kinase,UP,P23443,KS6B1_HUMAN
P70S6K,FPLX,000328,P70S6K
p70S6K,UP,P23443,KS6B1_HUMAN
p73,UP,O15350,P73_HUMAN
p85,FPLX,000360,PI3K_p85
p85alpha,UP,P27986,P85A_HUMAN
p85α,UP,P27986,P85A_HUMAN
p90RSK,FPLX,000329,P90RSK
PA,CHEBI,CHEBI:16337,phosphatidic acid
PA,PUBCHEM,8144759,
paeoniflorin,CHEBI,CHEBI:7889,paeoniflorin
paeoniflorin,PUBCHEM,442534,
PAI-1,UP,P05121,PAI1_HUMAN
PAK,FPLX,000330,PAK
Pak,FPLX,000330,PAK
PAK1,UP,Q13153,PAK1_HUMAN
Pak1,UP,Q13153,PAK1_HUMAN
Pak2,UP,Q13177,PAK2_HUMAN
PAK4,UP,O96013,PAK4_HUMAN
palmitate,PUBCHEM,985,
palmitate,CHEBI,CHEBI:15756,hexadecanoic acid
palmitate,HMDB,HMDB00220,
PAR3,UP,Q8TEW0,PARD3_HUMAN
Parkin,UP,O60260,PRKN_HUMAN
PARP genes,FPLX,000331,PARP
PARP,UP,P09874,PARP1_HUMAN
Parp,UP,P09874,PARP1_HUMAN
PARP-1,UP,P09874,PARP1_HUMAN
PARPs,FPLX,000331,PARP
Parvin,FPLX,000332,PARV
parvin,FPLX,000332,PARV
Parvins,FPLX,000332,PARV
parvins,FPLX,000332,PARV
PATCHED,FPLX,000333,Patched
Patched,FPLX,000333,Patched
paxillin,UP,P49023,PAXI_HUMAN
PBX,FPLX,000334,PBX
Pbx,FPLX,000334,PBX
pbx,FPLX,000334,PBX
PBXs,FPLX,000334,PBX
Pca,MESH,D011471,Prostatic Neoplasms
PCNA,UP,P12004,PCNA_HUMAN
PD,MESH,D010300,Parkinson Disease
PD98509,CHEBI,CHEBI:79091,EC 2.7.11.24 (mitogen-activated protein kinase) inhibitor
PDE 2,HGNC,8777,PDE2A
PDE 3,FPLX,000337,PDE3
PDE,FPLX,000335,PDE
PDE1 family,FPLX,000336,PDE1
PDE1,FPLX,000336,PDE1
PDE3 family,FPLX,000337,PDE3
PDE3,FPLX,000337,PDE3
PDE4 family,FPLX,000338,PDE4
PDE4 isoforms,FPLX,000338,PDE4
PDE4,FPLX,000338,PDE4
PDE5,HGNC,8784,PDE5A
PDE6 family,FPLX,000339,PDE6
PDE6,FPLX,000339,PDE6
PDE7,FPLX,000340,PDE7
PDE8,FPLX,000341,PDE8
PDEs,FPLX,000335,PDE
PDGF CC,FPLX,000350,PDGF_CC
PDGF DD,FPLX,000351,PDGF_DD
PDGF,FPLX,000342,PDGF
PDGF-AA,FPLX,000347,PDGF_AA
PDGF-aa,FPLX,000347,PDGF_AA
PDGF-AB,FPLX,000348,PDGF_AB
PDGF-ab,FPLX,000348,PDGF_AB
PDGF-BB,FPLX,000349,PDGF_BB
PDGF-bb,FPLX,000349,PDGF_BB
PDGF-CC,FPLX,000350,PDGF_CC
PDGF-cc,FPLX,000350,PDGF_CC
PDGF-DD,FPLX,000351,PDGF_DD
PDGF-dd,FPLX,000351,PDGF_DD
PDGFAA,FPLX,000347,PDGF_AA
PDGFAB,FPLX,000348,PDGF_AB
PDGFBB,FPLX,000349,PDGF_BB
PDGFR,FPLX,000343,PDGFR
PDGFR-AA,FPLX,000344,PDGFR_AA
PDGFR-AB,FPLX,000345,PDGFR_AB
PDGFR-alphaalpha,FPLX,000344,PDGFR_AA
PDGFR-alphabeta,FPLX,000345,PDGFR_AB
PDGFR-BB,FPLX,000346,PDGFR_BB
PDGFR-betabeta,FPLX,000346,PDGFR_BB
PDGFR-αα,FPLX,000344,PDGFR_AA
PDGFR-αβ,FPLX,000345,PDGFR_AB
PDGFR-ββ,FPLX,000346,PDGFR_BB
PDGFRalpha,UP,P16234,PGFRA_HUMAN
PDGFRalphaalpha,FPLX,000344,PDGFR_AA
PDGFRalphabeta,FPLX,000345,PDGFR_AB
PDGFRbeta,UP,P09619,PGFRB_HUMAN
PDGFRbetabeta,FPLX,000346,PDGFR_BB
PDGFRβ,UP,P09619,PGFRB_HUMAN
PDGFRα,UP,P16234,PGFRA_HUMAN
PDGFRαα,FPLX,000344,PDGFR_AA
PDGFRαβ,FPLX,000345,PDGFR_AB
PDGFRββ,FPLX,000346,PDGFR_BB
PDH,FPLX,000352,PDH
PDK,FPLX,000353,PDK
PDK,UP,O15530,PDPK1_HUMAN
PDK1,UP,O15530,PDPK1_HUMAN
PDKs,FPLX,000353,PDK
PDPK1,UP,O15530,PDPK1_HUMAN
PDT,MESH,D010778,Photochemotherapy
PEA-15,UP,Q15121,PEA15_HUMAN
PERK,UP,Q9NZJ5,E2AK3_HUMAN
Peroxiredoxin,FPLX,000388,PRDX
peroxiredoxin,FPLX,000388,PRDX
Peroxiredoxins,FPLX,000388,PRDX
peroxiredoxins,FPLX,000388,PRDX
Pertussis toxin,FPLX,000354,Pertussis_toxin
pertussis toxin,FPLX,000354,Pertussis_toxin
PF-3758309,PUBCHEM,25227462,
PF-3758309,CHEBI,CHEBI:93751,"N-[(1S)-2-(dimethylamino)-1-phenylethyl]-6,6-dimethyl-3-[(2-methyl-4-thieno[3,2-d]pyrimidinyl)amino]-1,4-dihydropyrrolo[3,4-c]pyrazole-5-carboxamide"
PGC-1alpha,UP,Q9UBK2,PRGC1_HUMAN
PGC-1α,UP,Q9UBK2,PRGC1_HUMAN
PGE 2,CHEBI,CHEBI:73965,prostaglandin E2-UM
PGE 2,PUBCHEM,161468,
PGE2,UP,P35408,PE2R4_HUMAN
phenformin,PUBCHEM,8249,
phenformin,CHEBI,CHEBI:8064,phenformin
PhK,FPLX,000356,PhK
phosphatase,FPLX,000357,Phosphatase
phosphatidylinositol 3-kinase,FPLX,000358,PI3K
phosphatidylinositol,CHEBI,CHEBI:28874,phosphatidylinositol
phosphatidylinositol,MESH,D010716,Phosphatidylinositols
phospho-ERK1/2,FPLX,000161,ERK
Phosphodiesterase 1,FPLX,000336,PDE1
phosphodiesterase 1,FPLX,000336,PDE1
Phosphodiesterase 2,HGNC,8777,PDE2A
phosphodiesterase 2,HGNC,8777,PDE2A
Phosphodiesterase 3,FPLX,000337,PDE3
phosphodiesterase 3,FPLX,000337,PDE3
Phosphodiesterase 4,FPLX,000338,PDE4
phosphodiesterase 4,FPLX,000338,PDE4
Phosphodiesterase 5,HGNC,8784,PDE5A
phosphodiesterase 5,HGNC,8784,PDE5A
Phosphodiesterase 6,FPLX,000339,PDE6
phosphodiesterase 6,FPLX,000339,PDE6
Phosphodiesterase 7,FPLX,000340,PDE7
phosphodiesterase 7,FPLX,000340,PDE7
Phosphodiesterase 8,FPLX,000341,PDE8
phosphodiesterase 8,FPLX,000341,PDE8
Phosphodiesterase,FPLX,000335,PDE
phosphodiesterase,FPLX,000335,PDE
Phosphodiesterase-1,FPLX,000336,PDE1
phosphodiesterase-1,FPLX,000336,PDE1
Phosphodiesterase-2,HGNC,8777,PDE2A
phosphodiesterase-2,HGNC,8777,PDE2A
Phosphodiesterase-3,FPLX,000337,PDE3
phosphodiesterase-3,FPLX,000337,PDE3
Phosphodiesterase-4,FPLX,000338,PDE4
phosphodiesterase-4,FPLX,000338,PDE4
Phosphodiesterase-5,HGNC,8784,PDE5A
phosphodiesterase-5,HGNC,8784,PDE5A
Phosphodiesterase-6,FPLX,000339,PDE6
phosphodiesterase-6,FPLX,000339,PDE6
Phosphodiesterase-7,FPLX,000340,PDE7
phosphodiesterase-7,FPLX,000340,PDE7
Phosphodiesterase-8,FPLX,000341,PDE8
phosphodiesterase-8,FPLX,000341,PDE8
Phosphodiesterases,FPLX,000335,PDE
phosphodiesterases,FPLX,000335,PDE
Phospholipase A2 Group IV,FPLX,000368,PLA2G4
phospholipase A2 group-II,FPLX,000367,PLA2G2
phospholipase A2 group-IV,FPLX,000368,PLA2G4
phospholipase A2,FPLX,000366,PLA2
Phospholipase C,FPLX,000369,PLC
phospholipase C,FPLX,000369,PLC
Phospholipase C-beta,FPLX,000370,PLCB
phospholipase C-beta,FPLX,000370,PLCB
Phospholipase C-delta,FPLX,000371,PLCD
phospholipase C-delta,FPLX,000371,PLCD
Phospholipase C-β,FPLX,000370,PLCB
phospholipase C-β,FPLX,000370,PLCB
Phospholipase C-δ,FPLX,000371,PLCD
phospholipase C-δ,FPLX,000371,PLCD
Phospholipase Cbeta,FPLX,000370,PLCB
phospholipase Cbeta,FPLX,000370,PLCB
Phospholipase Cdelta,FPLX,000371,PLCD
phospholipase Cdelta,FPLX,000371,PLCD
Phospholipase Cβ,FPLX,000370,PLCB
phospholipase Cβ,FPLX,000370,PLCB
Phospholipase Cδ,FPLX,000371,PLCD
phospholipase Cδ,FPLX,000371,PLCD
Phospholipase D,FPLX,000373,PLD
phospholipase D,FPLX,000373,PLD
Phospholipase-C,FPLX,000369,PLC
phospholipase-C,FPLX,000369,PLC
Phosphorylase kinase,FPLX,000356,PhK
phosphorylase kinase,FPLX,000356,PhK
PI 3-kinase,FPLX,000358,PI3K
PI 3-kinases,FPLX,000358,PI3K
PI,CHEBI,CHEBI:28874,phosphatidylinositol
PI,MESH,D010716,Phosphatidylinositols
PI3-kinase,FPLX,000358,PI3K
PI3K inhibitor,CHEBI,CHEBI:84801,EC 2.7.1.127 (inositol-trisphosphate 3-kinase) inhibitor
PI3K p110 subunit,FPLX,000359,PI3K_p110
PI3K,FPLX,000358,PI3K
PI3Kinase,FPLX,000358,PI3K
PIK3C,FPLX,000359,PI3K_p110
PIK3CA,UP,P42336,PK3CA_HUMAN
PIK3R,FPLX,000361,PIK3R_I
PIM,FPLX,000362,PIM
Pin1,UP,Q13526,PIN1_HUMAN
PIP,CHEBI,CHEBI:28765,phosphatidylinositol phosphate
PIP3,MESH,C060974,"phosphatidylinositol 3,4,5-triphosphate"
PIP3,CHEBI,CHEBI:60169,phosphatidylinositol trisphosphate
PK-A,FPLX,000363,PKA
PKA catalytic subunit,FPLX,000389,PRKAC
PKA catalytic subunits,FPLX,000389,PRKAC
PKA regulatory subunit,FPLX,000390,PRKAR
PKA regulatory subunits,FPLX,000390,PRKAR
PKA,FPLX,000363,PKA
PKB,FPLX,000023,AKT
PKB-Akt,FPLX,000023,AKT
PKB/Akt,FPLX,000023,AKT
PKC,FPLX,000364,PKC
PKCalpha,UP,P17252,KPCA_HUMAN
PKCdelta,UP,Q05655,KPCD_HUMAN
PKCepsilon,UP,Q02156,KPCE_HUMAN
PKCα,UP,P17252,KPCA_HUMAN
PKCε,UP,Q02156,KPCE_HUMAN
PKCδ,UP,Q05655,KPCD_HUMAN
PKG,FPLX,000391,PRKG
PKI,FPLX,000365,PKI
PKM2,UP,P14618,KPYM_HUMAN
PKR,UP,P19525,E2AK2_HUMAN
PLA2G2,FPLX,000367,PLA2G2
PLA2g2,FPLX,000367,PLA2G2
PLA2G4,FPLX,000368,PLA2G4
PLB,UP,P26678,PPLA_HUMAN
PLC,FPLX,000369,PLC
PLC-gamma,FPLX,000372,PLCG
PLC-gamma1,UP,P19174,PLCG1_HUMAN
PLC-γ,FPLX,000372,PLCG
PLC-γ1,UP,P19174,PLCG1_HUMAN
PLCgamma1,UP,P19174,PLCG1_HUMAN
PLCγ1,UP,P19174,PLCG1_HUMAN
PLK1,UP,P53350,PLK1_HUMAN
Plk1,UP,P53350,PLK1_HUMAN
PLX,PUBCHEM,42611257,
PLX,CHEBI,CHEBI:63637,vemurafenib
PLX4032,PUBCHEM,42611257,
PLX4032,CHEBI,CHEBI:63637,vemurafenib
PML,UP,P29590,PML_HUMAN
Pol delta,FPLX,000141,DNA_polymerase_delta
pol delta,FPLX,000141,DNA_polymerase_delta
Pol I,FPLX,000416,RNApo_I
Pol δ,FPLX,000141,DNA_polymerase_delta
pol δ,FPLX,000141,DNA_polymerase_delta
Poly(ADP-ribose) polymerase,FPLX,000331,PARP
Poly(ADP-ribose) polymerases,FPLX,000331,PARP
polycomb Repressive Complex (PRC) 1,FPLX,000386,PRC1_complex
Polycomb Repressive Complex 1,FPLX,000386,PRC1_complex
Polycomb repressive complex 1,FPLX,000386,PRC1_complex
polycomb repressive complex 1,FPLX,000386,PRC1_complex
Polycomb Repressive Complex 2,FPLX,000387,PRC2_complex
Polycomb repressive complex 2,FPLX,000387,PRC2_complex
polycomb repressive complex 2,FPLX,000387,PRC2_complex
Polycomb repressive complex PRC1,FPLX,000386,PRC1_complex
Polycomb repressive complex PRC2,FPLX,000387,PRC2_complex
Polycomb Repressive Complexes 1,FPLX,000386,PRC1_complex
Polycomb Repressive Complexes 2,FPLX,000387,PRC2_complex
Polycomb-repressive complex 1,FPLX,000386,PRC1_complex
Polycomb-repressive complex 2,FPLX,000387,PRC2_complex
PP1 regulator,FPLX,000376,PPP1
PP1,FPLX,000376,PPP1
PP1C,FPLX,000377,PPP1C
PP1c,FPLX,000377,PPP1C
PP1R,FPLX,000378,PPP1R
PP1r,FPLX,000378,PPP1R
PP2 phosphatases,FPLX,000379,PPP2
PP2,CHEBI,CHEBI:78331,PP2
PP2,PUBCHEM,4878,
PP2,FPLX,000379,PPP2
PP242,PUBCHEM,135565635,
PP242,CHEBI,CHEBI:90679,torkinib
PP2A catalytic C subunit,FPLX,000380,PPP2C
PP2A regulatory subunit A,FPLX,000381,PPP2R_A
PP2A regulatory subunit B,FPLX,000382,PPP2R_B
PP2A,FPLX,000379,PPP2
PP2A-C,FPLX,000380,PPP2C
PP2Ac,FPLX,000380,PPP2C
PP2B catalytic subunit,FPLX,000384,PPP3C
PP2B,FPLX,000383,PPP3
PPAR,FPLX,000375,PPAR
PPAR-gamma,UP,P37231,PPARG_HUMAN
PPAR-γ,UP,P37231,PPARG_HUMAN
PPARgamma,UP,P37231,PPARG_HUMAN
PPARγ,UP,P37231,PPARG_HUMAN
PPP1,FPLX,000376,PPP1
PPP1C,FPLX,000377,PPP1C
PR,UP,P06401,PRGR_HUMAN
PRAS40,UP,Q96B36,AKTS1_HUMAN
pRB,UP,P06400,RB_HUMAN
pRb,UP,P06400,RB_HUMAN
PRC1,FPLX,000386,PRC1_complex
PRC1,UP,O43663,PRC1_HUMAN
PRC2,FPLX,000387,PRC2_complex
PRKAA,FPLX,000044,AMPK_alpha
PRKAB,FPLX,000045,AMPK_beta
PRKAG,FPLX,000046,AMPK_gamma
PRL-3,UP,O75365,TP4A3_HUMAN
Profilin,FPLX,000355,PFN
profilin,FPLX,000355,PFN
Profilins,FPLX,000355,PFN
profilins,FPLX,000355,PFN
progesterone,CHEBI,CHEBI:17026,progesterone
progesterone,PUBCHEM,5994,
Proliferation,GO,GO:0008283,cell population proliferation
Proliferation,MESH,D049109,Cell Proliferation
proliferation,GO,GO:0008283,cell population proliferation
proliferation,MESH,D049109,Cell Proliferation
Propionyl-CoA carboxylase,FPLX,000392,Propionyl_CoA_carboxylase
propionyl-CoA carboxylase,FPLX,000392,Propionyl_CoA_carboxylase
prostaglandin E receptor,FPLX,000395,PTGER
protease,FPLX,000393,Protease
proteasome endopeptidase,FPLX,000394,Proteasome
proteasome,FPLX,000394,Proteasome
protein farnesyltransferase,FPLX,000172,FNT
Protein kinase A catalytic subunit,FPLX,000389,PRKAC
protein kinase A catalytic subunit,FPLX,000389,PRKAC
Protein kinase A catalytic subunits,FPLX,000389,PRKAC
protein kinase A catalytic subunits,FPLX,000389,PRKAC
Protein kinase A regulatory subunit,FPLX,000390,PRKAR
protein kinase A regulatory subunit,FPLX,000390,PRKAR
Protein kinase A regulatory subunits,FPLX,000390,PRKAR
protein kinase A regulatory subunits,FPLX,000390,PRKAR
protein kinase A,FPLX,000363,PKA
protein kinase C,FPLX,000364,PKC
protein kinase G,FPLX,000391,PRKG
protein phosphatase 2,FPLX,000379,PPP2
protein phosphatase 2B,FPLX,000383,PPP3
proteolysis,GO,GO:0006508,proteolysis
proteolysis,MESH,D059748,Proteolysis
PTC,UP,P18502,PTC_DROME
Ptc,UP,P18502,PTC_DROME
ptc,UP,P18502,PTC_DROME
PTEN,UP,P60484,PTEN_HUMAN
Pten,UP,P60484,PTEN_HUMAN
PTP1B,UP,P18031,PTN1_HUMAN
PTX,FPLX,000354,Pertussis_toxin
PTX3,HGNC,9692,PTX3
PTX3,UP,P26022,PTX3_HUMAN
PUMA,UP,Q96PG8,BBC3B_HUMAN
PYG,FPLX,000396,PYG
Pyk2,UP,Q14289,FAK2_HUMAN
pyruvate dehydrogenase (acetyl-transferring),FPLX,000352,PDH
Pyruvate dehydrogenase kinase,FPLX,000353,PDK
pyruvate dehydrogenase kinase,FPLX,000353,PDK
quercetin,CHEBI,CHEBI:16243,quercetin
quercetin,PUBCHEM,5280343,
RA,PUBCHEM,5538,
RA,CHEBI,CHEBI:26536,retinoic acid
RA,HMDB,HMDB06219,
Rab GTPase,FPLX,000397,RAB
Rab GTPases,FPLX,000397,RAB
rab GTPases,FPLX,000397,RAB
rab proteins,FPLX,000397,RAB
RAB,FPLX,000397,RAB
Rab,FPLX,000397,RAB
rab,FPLX,000397,RAB
Rabs,FPLX,000397,RAB
RAC,FPLX,000398,RAC
Rac,UP,P63000,RAC1_HUMAN
RAC1,UP,P63000,RAC1_HUMAN
Rac1,UP,P63000,RAC1_HUMAN
RAD51,UP,Q06609,RAD51_HUMAN
Rad51,UP,Q06609,RAD51_HUMAN
Rad52,UP,P43351,RAD52_HUMAN
RAF inhibitors,CHEBI,CHEBI:75047,B-Raf inhibitor
RAF,FPLX,000399,RAF
Raf,FPLX,000399,RAF
Raf-1,UP,P04049,RAF1_HUMAN
RAGE,UP,Q15109,RAGE_HUMAN
RAL family,FPLX,000400,RAL
Ral family,FPLX,000400,RAL
RAL guanine nucleotide dissociation stimulator like,FPLX,000413,RGL
Ral guanine nucleotide dissociation stimulator like,FPLX,000413,RGL
ral guanine nucleotide dissociation stimulator like,FPLX,000413,RGL
RAL isoforms,FPLX,000400,RAL
Ral isoforms,FPLX,000400,RAL
RAL proteins,FPLX,000400,RAL
Ral proteins,FPLX,000400,RAL
RAL,FPLX,000400,RAL
RAL,HGNC,9839,RALA
RalA,UP,P11233,RALA_HUMAN
RALGDS-like,FPLX,000413,RGL
RANKL,UP,O14788,TNF11_HUMAN
Rap guanine nucleotide exchange factor,FPLX,000402,RAPGEF
Rap guanine nucleotide exchange factors,FPLX,000402,RAPGEF
Rap1,FPLX,000401,RAP1
Rapamycin,PUBCHEM,5284616,
Rapamycin,CHEBI,CHEBI:9168,sirolimus
rapamycin,PUBCHEM,5284616,
rapamycin,CHEBI,CHEBI:9168,sirolimus
RapGEFs,FPLX,000402,RAPGEF
Raptor,UP,Q8N122,RPTOR_HUMAN
raptor,UP,Q8N122,RPTOR_HUMAN
RAR,FPLX,000403,RAR
RAS association domain family,FPLX,000410,RASSF
Ras association domain family,FPLX,000410,RASSF
Ras GTPase,FPLX,000404,RAS
RAS,FPLX,000404,RAS
Ras,FPLX,000404,RAS
RAS-association domain family,FPLX,000410,RASSF
Ras-association domain family,FPLX,000410,RASSF
RASA,FPLX,000405,RASA
RASAL,FPLX,000406,RASAL
RasGAP,FPLX,000407,RasGAP
RasGAPs,FPLX,000407,RasGAP
RASGRF,FPLX,000408,RASGRF
RASGRP,FPLX,000409,RASGRP
RASSF family,FPLX,000410,RASSF
RASSF1A,UP,Q9NS23,RASF1_HUMAN
RB,UP,P06400,RB_HUMAN
Rb,UP,P06400,RB_HUMAN
RB1,UP,P06400,RB_HUMAN
Rb1,UP,P06400,RB_HUMAN
receptor tyrosine kinase-like orphan receptor,FPLX,000420,ROR
receptor tyrosine kinase-like orphan receptors,FPLX,000420,ROR
REDD1,UP,Q9NX09,DDIT4_HUMAN
regulatory A subunit of PP2A,FPLX,000381,PPP2R_A
regulatory B subunit of PP2A,FPLX,000382,PPP2R_B
regulatory family X,FPLX,000412,RFX
regulatory myosin light chain,FPLX,000298,MYL_regulatory
regulatory subunit of calcineurin,FPLX,000385,PPP3R
RelA,UP,Q04206,TF65_HUMAN
replication factor C,FPLX,000411,RFC
Replication protein A,FPLX,000421,RPA
replication protein A,FPLX,000421,RPA
RES,PUBCHEM,5281611,
Resveratrol,PUBCHEM,445154,
Resveratrol,CHEBI,CHEBI:27881,resveratrol
resveratrol,PUBCHEM,445154,
resveratrol,CHEBI,CHEBI:27881,resveratrol
RET,UP,P07949,RET_HUMAN
retinoblastoma protein,UP,P06400,RB_HUMAN
retinoic acid receptors,FPLX,000403,RAR
retinoid X receptors,FPLX,000424,RXR
retinoid-X receptor,FPLX,000424,RXR
RF-C,FPLX,000411,RFC
RF-X,FPLX,000412,RFX
RFC,FPLX,000411,RFC
RFX family,FPLX,000412,RFX
RFX proteins,FPLX,000412,RFX
RFX,FPLX,000412,RFX
Rheb,UP,Q15382,RHEB_HUMAN
Rho family,FPLX,000414,RHO
RHO,FPLX,000414,RHO
Rho,UP,P61586,RHOA_HUMAN
Rho-GDI,FPLX,000415,RhoGDI
RhoA,UP,P61586,RHOA_HUMAN
RhoB,UP,P62745,RHOB_HUMAN
RhoC,UP,P08134,RHOC_HUMAN
RHOGDI,FPLX,000415,RhoGDI
RhoGDI,FPLX,000415,RhoGDI
rhoGDI,FPLX,000415,RhoGDI
RhoGDIs,FPLX,000415,RhoGDI
ribosomal protein S6,UP,P62753,RS6_HUMAN
ribosomal protein S6,IP,IPR000529,
RICTOR,UP,Q6R327,RICTR_HUMAN
Rictor,UP,Q6R327,RICTR_HUMAN
RIG-I,UP,O95786,DDX58_HUMAN
RIP1,UP,Q13546,RIPK1_HUMAN
RKIP,UP,P30086,PEBP1_HUMAN
RNA polymerase 1,FPLX,000416,RNApo_I
RNA polymerase I,FPLX,000416,RNApo_I
RNA polymerase II,FPLX,000417,RNApo_II
RNAP II,FPLX,000417,RNApo_II
ROCK,FPLX,000419,ROCK
ROCK1,UP,Q13464,ROCK1_HUMAN
ROCK2,UP,O75116,ROCK2_HUMAN
ROR,FPLX,000420,ROR
RORs,FPLX,000420,ROR
ROS,MESH,D017382,Reactive Oxygen Species
ROS,UP,P08922,ROS1_HUMAN
rosiglitazone,CHEBI,CHEBI:50122,rosiglitazone
rosiglitazone,PUBCHEM,77999,
rottlerin,CHEBI,CHEBI:8899,rottlerin
rottlerin,PUBCHEM,5281847,
RPA,FPLX,000421,RPA
rPKA,FPLX,000390,PRKAR
RPS6KA,FPLX,000329,P90RSK
RSK,FPLX,000422,RSK
RSK2,UP,P51812,KS6A3_HUMAN
RTA,UP,O43251,RFOX2_HUMAN
RTKs,FPLX,000423,RTK
RUNX2,UP,Q13950,RUNX2_HUMAN
rutin,CHEBI,CHEBI:28527,rutin
rutin,PUBCHEM,5280805,
RXR,FPLX,000424,RXR
S100,FPLX,000425,S100
S100A,FPLX,000426,S100A
S100a,FPLX,000426,S100A
S1P receptor,FPLX,000427,S1PR
S1PR,FPLX,000427,S1PR
S6,UP,P62753,RS6_HUMAN
S6,IP,IPR000529,
S6K,FPLX,000328,P70S6K
S6K1,UP,P23443,KS6B1_HUMAN
SAA,FPLX,000428,SAA
SAC,GO,GO:0033316,meiotic spindle assembly checkpoint
SAF-1,UP,P56270,MAZ_HUMAN
SAHA,PUBCHEM,5311,
SAHA,CHEBI,CHEBI:45716,vorinostat
SAHA,CHEMBL,CHEMBL98,
sarcoplasmic/endoplasmic reticulum calcium ATPase,FPLX,000430,SERCA
SB203580,PUBCHEM,176155,
SB203580,CHEBI,CHEBI:90705,SB 203580
SCF,UP,P21583,SCF_HUMAN
senescence,GO,GO:0090398,cellular senescence
senescence,MESH,D016922,Cellular Senescence
SERCA,FPLX,000430,SERCA
SERCAs,FPLX,000430,SERCA
SFK,FPLX,000451,SRC
SFN,CHEBI,CHEBI:47807,sulforaphane
SFN,PUBCHEM,5350,
Shc family,FPLX,000432,SHC
SHC,FPLX,000432,SHC
Shc,FPLX,000432,SHC
shikonin,CHEBI,CHEBI:81068,Shikonin
shikonin,PUBCHEM,479503,
SHP-2,UP,Q06124,PTN11_HUMAN
SHP2,UP,Q06124,PTN11_HUMAN
Shp2,UP,Q06124,PTN11_HUMAN
Sialytransferase,FPLX,000202,GTF_family_29
Sialytransferases,FPLX,000202,GTF_family_29
sialytransferase,FPLX,000202,GTF_family_29
sialytransferases,FPLX,000202,GTF_family_29
signal transduction,GO,GO:0007165,signal transduction
signal transduction,MESH,D015398,Signal Transduction
simvastatin,CHEBI,CHEBI:9150,simvastatin
simvastatin,PUBCHEM,54454,
SIRT1,UP,Q96EB6,SIR1_HUMAN
Sirt1,UP,Q96EB6,SIR1_HUMAN
Skp2,UP,Q13309,SKP2_HUMAN
SLC2,FPLX,000434,SLC2A
slow myosin,FPLX,000299,MYL_slow
SLP-76,UP,Q13094,LCP2_HUMAN
SLRP,FPLX,000435,SLRP
SLRPs,FPLX,000435,SLRP
SLRR,FPLX,000435,SLRP
SLRRs,FPLX,000435,SLRP
SMAD 2/3,FPLX,000443,SMAD2_3
SMAD,FPLX,000441,SMAD
Smad,FPLX,000441,SMAD
smad,FPLX,000441,SMAD
Smad2,UP,Q15796,SMAD2_HUMAN
smad2,UP,Q15796,SMAD2_HUMAN
SMAD2/3,FPLX,000443,SMAD2_3
Smad2/3,FPLX,000443,SMAD2_3
Smad3,UP,P84022,SMAD3_HUMAN
Smad4,UP,Q13485,SMAD4_HUMAN
small HSPs,FPLX,000245,HSPB
small leucine rich proteoglycan family,FPLX,000435,SLRP
small leucine rich proteoglycan,FPLX,000435,SLRP
small leucine rich proteoglycans,FPLX,000435,SLRP
small leucine-rich proteoglycan family,FPLX,000435,SLRP
small leucine-rich proteoglycan,FPLX,000435,SLRP
small leucine-rich proteoglycans,FPLX,000435,SLRP
SMC1,FPLX,000444,SMC1
Smc1,FPLX,000444,SMC1
SNAI family,FPLX,000446,SNAI
SNAI,FPLX,000446,SNAI
Snail,UP,O95863,SNAI1_HUMAN
SOD,FPLX,000447,SOD
Sorafenib,PUBCHEM,216239,
Sorafenib,CHEBI,CHEBI:50924,sorafenib
sorafenib,PUBCHEM,216239,
sorafenib,CHEBI,CHEBI:50924,sorafenib
SOS,FPLX,000448,SOS
Sos-1,UP,Q07889,SOS1_HUMAN
SOS1,UP,Q07889,SOS1_HUMAN
Sos1,UP,Q07889,SOS1_HUMAN
SOX2,UP,P48431,SOX2_HUMAN
Sp1,UP,P08047,SP1_HUMAN
SP600125,PUBCHEM,8515,
SP600125,CHEBI,CHEBI:90695,"anthra[1,9-cd]pyrazol-6(2H)-one"
SPC,CHEBI,CHEBI:17689,sphingosine-1-phosphocholine
SPC,PUBCHEM,9847290,
Sphingosine 1-phosphate receptor,FPLX,000427,S1PR
sphingosine-1-phosphate receptors,FPLX,000427,S1PR
SPRED,FPLX,000449,SPRED
SPRY,FPLX,000450,SPRY
SR Ca(2+)-ATPase,FPLX,000430,SERCA
Src family kinase,FPLX,000451,SRC
Src family,FPLX,000451,SRC
src kinases,FPLX,000451,SRC
SRC,UP,P12931,SRC_HUMAN
Src,UP,P12931,SRC_HUMAN
SRC-family kinases,FPLX,000451,SRC
Src-kinases,FPLX,000451,SRC
SREBF family,FPLX,000452,SREBF
SREBF,FPLX,000452,SREBF
SRF,UP,P11831,SRF_HUMAN
StAR,HGNC,11359,STAR
StAR,UP,P49675,STAR_HUMAN
STAT,FPLX,000453,STAT
STAT1,UP,P42224,STAT1_HUMAN
STAT3,UP,P40763,STAT3_HUMAN
Stat3,UP,P40763,STAT3_HUMAN
STAT5,FPLX,000454,STAT5
Stat5,FPLX,000454,STAT5
STATs,FPLX,000453,STAT
Staurosporine,PUBCHEM,44259,
Staurosporine,CHEBI,CHEBI:15738,staurosporine
staurosporine,PUBCHEM,44259,
staurosporine,CHEBI,CHEBI:15738,staurosporine
stearoyl-CoA 9-desaturase,FPLX,000429,SCD
Stearoyl-CoA desaturase,FPLX,000429,SCD
stearoyl-CoA desaturase,FPLX,000429,SCD
sterol regulatory element binding protein,FPLX,000452,SREBF
sterol regulatory element-binding factor,FPLX,000452,SREBF
STING,UP,Q86WV6,STING_HUMAN
STT3,FPLX,000455,STT3
STZ,PUBCHEM,29327,
STZ,UP,Q11206,SIA4C_HUMAN
succinate dehydrogenase (ubiquinone),FPLX,000502,ETC_complex_II
succinate dehydrogenase,FPLX,000502,ETC_complex_II
Sulfonylurea Receptor,FPLX,000456,Sulfonylurea_receptor
sulfonylurea receptor,FPLX,000456,Sulfonylurea_receptor
sulfonylurea receptors,FPLX,000456,Sulfonylurea_receptor
sulforaphane,PUBCHEM,5350,
sulforaphane,CHEBI,CHEBI:47807,sulforaphane
superoxide,CHEBI,CHEBI:18421,superoxide
superoxide,PUBCHEM,5359597,
SUR,FPLX,000456,Sulfonylurea_receptor
Survivin,UP,O15392,BIRC5_HUMAN
survivin,UP,O15392,BIRC5_HUMAN
SWI and SNF complex,FPLX,000457,SWI_SNF
SWI/SNF complex,FPLX,000457,SWI_SNF
SWI/SNF,FPLX,000457,SWI_SNF
SWI/SNF-like,FPLX,000457,SWI_SNF
Syk,UP,P43405,KSYK_HUMAN
SYNJ2,UP,O15056,SYNJ2_HUMAN
T-cell factor (TCF)/lymphoid enhancer factor,FPLX,000460,TCF_LEF
TAK1,UP,O43318,M3K7_HUMAN
TAK165,PUBCHEM,6444692,
tamoxifen,PUBCHEM,2733526,
tamoxifen,CHEBI,CHEBI:41774,tamoxifen
TAP transporter,FPLX,000459,TAP
TAP,FPLX,000459,TAP
TAp73,UP,O15350,P73_HUMAN
TAS-116,PUBCHEM,67501411,
Tat,UP,P04608,TAT_HV1H2
tau,UP,P10636,TAU_HUMAN
Tax,UP,P03409,TAX_HTL1A
TBK1,UP,Q9UHD2,TBK1_HUMAN
TCF,FPLX,000460,TCF_LEF
Tcf,FPLX,000460,TCF_LEF
Tcf/Lef,FPLX,000460,TCF_LEF
TCR,FPLX,000461,TCR
TDRG1,UP,Q3Y452,TDRG1_HUMAN
telomerase,UP,O14746,TERT_HUMAN
Temozolomide,CHEBI,CHEBI:72564,temozolomide
Temozolomide,PUBCHEM,5394,
temozolomide,CHEBI,CHEBI:72564,temozolomide
temozolomide,PUBCHEM,5394,
Tenascin,FPLX,000473,TN
tenascin,FPLX,000473,TN
TFDP,FPLX,000464,TFDP
TFIIE,FPLX,000196,GTF2E
TFIIF,FPLX,000197,GTF2F
TGF beta receptor,FPLX,000466,TGFBR
TGF beta,FPLX,000465,TGFB
TGF β receptor,FPLX,000466,TGFBR
TGF β,FPLX,000465,TGFB
TGF-alpha,UP,P01135,TGFA_HUMAN
TGF-b,FPLX,000465,TGFB
TGF-beta family,FPLX,000465,TGFB
TGF-beta receptor,FPLX,000466,TGFBR
TGF-beta receptors,FPLX,000466,TGFBR
TGF-beta,FPLX,000465,TGFB
TGF-beta1,UP,P01137,TGFB1_HUMAN
TGF-β receptor,FPLX,000466,TGFBR
TGF-β receptors,FPLX,000466,TGFBR
TGF-β,FPLX,000465,TGFB
TGF-α,UP,P01135,TGFA_HUMAN
TGF-β1,UP,P01137,TGFB1_HUMAN
TGFalpha,UP,P01135,TGFA_HUMAN
TGFB family,FPLX,000465,TGFB
TGFB,FPLX,000465,TGFB
TGFbeta,FPLX,000465,TGFB
TGFbeta1,UP,P01137,TGFB1_HUMAN
TGFBR family,FPLX,000466,TGFBR
TGFBR,FPLX,000466,TGFBR
TGFβ receptor,FPLX,000466,TGFBR
TGFβ receptors,FPLX,000466,TGFBR
TGFβ,FPLX,000465,TGFB
TGFα,UP,P01135,TGFA_HUMAN
TGFβ1,UP,P01137,TGFB1_HUMAN
thapsigargin,PUBCHEM,446378,
thapsigargin,CHEBI,CHEBI:9516,thapsigargin
Thioredoxin reductase,FPLX,000488,TXNRD
thioredoxin reductase,FPLX,000488,TXNRD
Thioredoxin,FPLX,000487,TXN
thioredoxin,FPLX,000487,TXN
Thioredoxin,UP,P10599,THIO_HUMAN
thioredoxin,UP,P10599,THIO_HUMAN
thioredoxins,FPLX,000487,TXN
thrombin,IP,IPR003966,
thrombin,UP,P00734,THRB_HUMAN
thrombin-anti-thrombin III complexes,FPLX,000469,Thrombin_antithrombin
thrombospondin protein,FPLX,000467,THBS
Thrombospondin,FPLX,000467,THBS
thrombospondin,FPLX,000467,THBS
Thrombospondins,FPLX,000467,THBS
thrombospondins,FPLX,000467,THBS
thyroid hormone receptor,FPLX,000468,THR
TIAM,FPLX,000470,TIAM
TIAM1,UP,Q13009,TIAM1_HUMAN
Tiam1,UP,Q13009,TIAM1_HUMAN
TIAM2,UP,Q8IVF5,TIAM2_HUMAN
Tiam2,UP,Q8IVF5,TIAM2_HUMAN
TIF-IB,FPLX,000471,TIF_IB
tipifarnib,PUBCHEM,159324,
tipifarnib,CHEBI,CHEBI:141969,tipifarnib
tissue kallikrein,FPLX,000271,KLK
tissue kallikreins,FPLX,000271,KLK
TLR,FPLX,000472,TLR
TLR2,UP,O60603,TLR2_HUMAN
TLR4,UP,O00206,TLR4_HUMAN
TMZ,CHEBI,CHEBI:72564,temozolomide
TMZ,PUBCHEM,5394,
TN-C,FPLX,000478,Troponin_C
TnC,FPLX,000478,Troponin_C
TNF,UP,P01375,TNFA_HUMAN
TNF-alpha,UP,P01375,TNFA_HUMAN
TNF-R superfamily,FPLX,000475,TNFRSF
TNF-receptor family,FPLX,000475,TNFRSF
TNF-α,UP,P01375,TNFA_HUMAN
TNFalpha,UP,P01375,TNFA_HUMAN
TNFR family,FPLX,000475,TNFRSF
TNFR subfamily,FPLX,000475,TNFRSF
TNFR superfamily members,FPLX,000475,TNFRSF
TNFR superfamily receptors,FPLX,000475,TNFRSF
TNFR superfamily,FPLX,000475,TNFRSF
TNFR,FPLX,000475,TNFRSF
TNFR1,UP,P19438,TNR1A_HUMAN
TNFα,UP,P01375,TNFA_HUMAN
topoisomerase II,FPLX,000476,TOP2
TORC1,FPLX,000293,mTORC1
TORC2,FPLX,000294,mTORC2
TP53,UP,P04637,P53_HUMAN
TPA,PUBCHEM,27924,
TPA,CHEBI,CHEBI:37537,phorbol 13-acetate 12-myristate
Tpl2,HGNC,6860,MAP3K8
TPNI,FPLX,000479,Troponin_I
TPNT,FPLX,000480,Troponin_T
TQ,PUBCHEM,10281,
TQ,CHEBI,CHEBI:113532,"2-methyl-5-propan-2-ylcyclohexa-2,5-diene-1,4-dione"
TRAF2,UP,Q12933,TRAF2_HUMAN
TRAF3,UP,Q13114,TRAF3_HUMAN
TRAF6,UP,Q9Y4K3,TRAF6_HUMAN
TRAIL,UP,P50591,TNF10_HUMAN
trametinib,CHEBI,CHEBI:75998,trametinib
trametinib,PUBCHEM,11707110,
Transcription factor AP-2,FPLX,000463,TFAP2
transcription factor AP-2,FPLX,000463,TFAP2
transcription factor DP,FPLX,000464,TFDP
transcription factor II E,FPLX,000196,GTF2E
transcription factor II F,FPLX,000197,GTF2F
transcription factor IIE,FPLX,000196,GTF2E
transcription factor IIF,FPLX,000197,GTF2F
transcription,GO,GO:0006351,"transcription, DNA-templated"
transcription,MESH,D014158,"Transcription, Genetic"
transcriptional cofactor complex CRSP,FPLX,000122,CRSP
transforming growth factor beta,FPLX,000465,TGFB
transforming growth factor β,FPLX,000465,TGFB
transforming growth factor-beta,FPLX,000465,TGFB
transforming growth factor-β,FPLX,000465,TGFB
translation,GO,GO:0006412,translation
translation,MESH,D014176,Protein Biosynthesis
transport,GO,GO:0006810,transport
trastuzumab,MESH,D000068878,Trastuzumab
trastuzumab,CHEMBL,1201585,
TRiC,FPLX,000085,CCT_complex
TRIM,UP,Q6PIZ9,TRAT1_HUMAN
Trk receptor,FPLX,000321,NTRK
trk receptor,FPLX,000321,NTRK
Trk receptors,FPLX,000321,NTRK
trk receptors,FPLX,000321,NTRK
TrkA,UP,P04629,NTRK1_HUMAN
TrkB,UP,Q16620,NTRK2_HUMAN
troponin C,FPLX,000478,Troponin_C
troponin complex,FPLX,000477,Troponin
troponin I,FPLX,000479,Troponin_I
troponin T,FPLX,000480,Troponin_T
troponin,FPLX,000477,Troponin
troponins,FPLX,000477,Troponin
trypsin,CHEBI,CHEBI:9765,Trypsin
Tryptase,FPLX,000481,Tryptase
tryptase,FPLX,000481,Tryptase
tryptases,FPLX,000481,Tryptase
TSA,PUBCHEM,444732,
TSA,CHEBI,CHEBI:46024,trichostatin A
TSC,FPLX,000482,TSC
TSC1,UP,Q92574,TSC1_HUMAN
TSC2,UP,P49815,TSC2_HUMAN
TUBA,FPLX,000483,TUBA
TUBB,FPLX,000484,TUBB
tuberin,UP,P49815,TSC2_HUMAN
tubulin alpha chain,FPLX,000483,TUBA
tubulin beta chain,FPLX,000484,TUBB
tubulin beta,FPLX,000484,TUBB
tubulin delta,HGNC,16811,TUBD1
tubulin epsilon,HGNC,20775,TUBE1
tubulin gamma,FPLX,000485,TUBG
tubulin α chain,FPLX,000483,TUBA
tubulin β chain,FPLX,000484,TUBB
tubulin β,FPLX,000484,TUBB
tubulin γ,FPLX,000485,TUBG
tubulin δ,HGNC,16811,TUBD1
tubulin ε,HGNC,20775,TUBE1
tubulin,FPLX,000486,Tubulin
tumor necrosis factor,UP,P01375,TNFA_HUMAN
tumorigenesis,MESH,D063646,Carcinogenesis
tunicamycin,CHEBI,CHEBI:29699,tunicamycin
tunicamycin,PUBCHEM,56927680,
type 2 phosphatidic acid phosphatase,FPLX,000374,PPAP2
type 2 phosphatidic acid phosphatases,FPLX,000374,PPAP2
type 4 cyclic nucleotide phosphodiesterase,FPLX,000338,PDE4
Type I collagen,FPLX,000109,COL1
type I collagen,FPLX,000109,COL1
type II phosphatidic acid phosphatase,FPLX,000374,PPAP2
type II phosphatidic acid phosphatases,FPLX,000374,PPAP2
type V collagen,FPLX,000111,COL5
type-V collagen,FPLX,000111,COL5
U0126,PUBCHEM,3006531,
U0126,CHEBI,CHEBI:90693,U0126
Ub,FPLX,000490,Ubiquitin
ub,FPLX,000490,Ubiquitin
UBE2,FPLX,000489,UBE2
ubiquitin conjugating enzyme,FPLX,000489,UBE2
Ubiquitin,FPLX,000490,Ubiquitin
ubiquitin,FPLX,000490,Ubiquitin
ubiquitin-conjugating enzymes,FPLX,000489,UBE2
UGT,FPLX,000492,UGT
uPA,UP,P00749,UROK_HUMAN
uPAR,UP,Q03405,UPAR_HUMAN
vascular endothelial growth factor,FPLX,000495,VEGF
VAV family,FPLX,000494,VAV
Vav,FPLX,000494,VAV
Vav1,UP,P15498,VAV_HUMAN
VCAM-1,UP,P19320,VCAM1_HUMAN
VEGF receptor,FPLX,000496,VEGFR
VEGF receptors,FPLX,000496,VEGFR
VEGF,FPLX,000495,VEGF
VEGF-A,UP,P15692,VEGFA_HUMAN
VEGFR ligand,FPLX,000496,VEGFR
VEGFR,FPLX,000496,VEGFR
VEGFR-2,UP,P35968,VGFR2_HUMAN
VEGFR2,UP,P35968,VGFR2_HUMAN
VEGFRs,FPLX,000496,VEGFR
Vemurafenib,PUBCHEM,42611257,
Vemurafenib,CHEBI,CHEBI:63637,vemurafenib
vemurafenib,PUBCHEM,42611257,
vemurafenib,CHEBI,CHEBI:63637,vemurafenib
vitronectin receptor (integrin),FPLX,000261,Integrins
VLDL,CHEBI,CHEBI:39027,very-low-density lipoprotein
vorinostat,PUBCHEM,5311,
vorinostat,CHEBI,CHEBI:45716,vorinostat
VPA,PUBCHEM,3121,
VPA,CHEBI,CHEBI:39867,valproic acid
Vpr,UP,P05928,VPR_HV1BR
Vpu,UP,P05919,VPU_HV1H2
WA,PUBCHEM,265237,
WA,CHEBI,CHEBI:69120,withaferin A
wild type c-Cbl,UP,P22681,CBL_HUMAN
WNT,FPLX,000497,Wnt
Wnt,FPLX,000497,Wnt
Wnt5a,UP,P41221,WNT5A_HUMAN
wogonin,PUBCHEM,5281703,
wogonin,CHEBI,CHEBI:10043,wogonin
XIAP,UP,P98170,XIAP_HUMAN
XYLT,FPLX,000185,GCNT
Xylosyltransferase,FPLX,000185,GCNT
Xylosyltransferases,FPLX,000185,GCNT
xylosyltransferase,FPLX,000185,GCNT
xylosyltransferases,FPLX,000185,GCNT
Y box binding protein,FPLX,000498,YBX
Y-box-binding protein,FPLX,000498,YBX
YAP,UP,P46937,YAP1_HUMAN
YAP1,UP,P46937,YAP1_HUMAN
YBX protein family,FPLX,000498,YBX
ZEB1,UP,P37275,ZEB1_HUMAN
Zeb1,UP,P37275,ZEB1_HUMAN
β adrenergic receptor kinase,FPLX,000022,ADRBK
α catenin,FPLX,000126,CTNNA
β interferons,FPLX,000247,IFNB
γ secretase,FPLX,000181,Gamma_secretase
α tubulin,FPLX,000483,TUBA
γ tubulin,FPLX,000485,TUBG
α(2)-adrenoceptors,FPLX,000020,ADRA2
α(2)-ARs,FPLX,000020,ADRA2
α-adrenergic receptor,FPLX,000019,ADRA
β-adrenergic receptor,FPLX,000021,ADRB
α-adrenoreceptor,FPLX,000019,ADRA
β-adrenoreceptor,FPLX,000021,ADRB
α-adrenoreceptors,FPLX,000019,ADRA
γ-aminobutyric-acid A receptor,FPLX,000179,GABR
α-catenin,FPLX,000126,CTNNA
β-catenin,UP,P35222,CTNB1_HUMAN
β-TrCP,UP,Q9Y297,FBW1A_HUMAN
γ-tubulin,FPLX,000485,TUBG
δ-tubulin,HGNC,16811,TUBD1
ε-tubulin,HGNC,20775,TUBE1
α1β1γ1,FPLX,000032,AMPK_A1B1G1
α1β1γ2,FPLX,000033,AMPK_A1B1G2
α1β1γ3,FPLX,000034,AMPK_A1B1G3
α1β2γ1,FPLX,000035,AMPK_A1B2G1
α1β2γ2,FPLX,000036,AMPK_A1B2G2
α2-AR,FPLX,000020,ADRA2
α2β1γ1,FPLX,000038,AMPK_A2B1G1
α2β2γ1,FPLX,000041,AMPK_A2B2G1
α2β2γ2,FPLX,000042,AMPK_A2B2G2
α2β2γ3,FPLX,000043,AMPK_A2B2G3
βAR,FPLX,000021,ADRB
βARK,FPLX,000022,ADRBK
receptor,GO,GO:0038023,signaling receptor activity
eGFR,MESH,D005919,Glomerular Filtration Rate
CDK1/2,FPLX,000093,CDK1_2
cdk1/2,FPLX,000093,CDK1_2
Cdk1/2,FPLX,000093,CDK1_2
Chk1/2,FPLX,000098,CHEK
chromosomal instability,MESH,D043171,Chromosomal Instability
chromosomal instability,NCIT,C48195,
chromosomal instabiliy,MESH,D043171,Chromosomal Instability
chromosomal instabiliy,NCIT,C48195,
CIN,MESH,D043171,Chromosomal Instability
CIN,NCIT,C48195,
CycK,HGNC,1596,CCNK
CycK1,HGNC,1596,CCNK
dinaciclib,PUBCHEM,46926350,
dinaciclib,CHEMBL,CHEMBL2103840,
dinaciclib,CHEBI,CHEBI:95060,"2-[(2S)-1-[3-ethyl-7-[(1-oxido-3-pyridin-1-iumyl)methylamino]-5-pyrazolo[1,5-a]pyrimidinyl]-2-piperidinyl]ethanol"
Dinaciclib,PUBCHEM,46926350,
Dinaciclib,CHEMBL,CHEMBL2103840,
Dinaciclib,CHEBI,CHEBI:95060,"2-[(2S)-1-[3-ethyl-7-[(1-oxido-3-pyridin-1-iumyl)methylamino]-5-pyrazolo[1,5-a]pyrimidinyl]-2-piperidinyl]ethanol"
Ebp1,HGNC,8550,PA2G4
EBP1,HGNC,8550,PA2G4
erbB,FPLX,000160,ERBB
Fer-1,PUBCHEM,4068248,
HK2,HGNC,4923,HK2
NLE,CHEBI,CHEBI:38473,azadirachtin
PD-1,UP,Q15116,PDCD1_HUMAN
PD-1,HGNC,8760,PDCD1
Se,PUBCHEM,6326970,
Se,CHEBI,CHEBI:27568,selenium atom
THZ531,PUBCHEM,118025540,
THZ531,CHEBI,CHEBI:143122,THZ531
Hh,FPLX,000226,Hedgehog
SIK,FPLX,000433,SIK
salt inducible kinase,FPLX,000433,SIK
Sik,UP,Q64434,PTK6_MOUSE
DYRK,FPLX,000146,DYRK
Augmin,FPLX,000061,Augmin
HAUS,FPLX,000061,Augmin
HAUS complex,FPLX,000061,Augmin
CRTC,FPLX,000123,CRTC
